{
  "params": {
    "pred_dir": "previsoes/financeiro_predlen_loss/retornos/AttentionSoloChannelIndependentShrINSpec/lookback_246/pred_len_10/_backtest_janelas_only",
    "price_path": "data/b3_daily_financeiro.csv",
    "model_output": "returns",
    "rebalance_k": 10,
    "max_assets": 9,
    "horizon": 10,
    "only_positive_pred": true,
    "returns_mode": "step",
    "annual_rf": 0.043
  },
  "metrics": {
    "total_return": 0.4827594051531312,
    "annual_return": 0.19393809470272916,
    "annual_vol": 0.17632712550193547,
    "sharpe": 0.8560117694487817,
    "max_drawdown": -0.1432535772375656,
    "mean_precision_positive": 0.5456632653061224,
    "mean_spearman_ic": -0.030654761904761907,
    "icir": -0.08380316779556075,
    "mean_n_assets": 4.339285714285714,
    "n_periods": 56
  }
}