{
  "params": {
    "pred_dir": "previsoes/financeiro_predlen_loss/retornos/AttentionSoloChannelIndependentShrINSpec/lookback_104/pred_len_5/_backtest_janelas_only",
    "price_path": "data/b3_daily_financeiro.csv",
    "model_output": "returns",
    "rebalance_k": 5,
    "max_assets": 9,
    "horizon": 5,
    "only_positive_pred": true,
    "returns_mode": "step",
    "annual_rf": 0.043
  },
  "metrics": {
    "total_return": 0.24679842403291974,
    "annual_return": 0.10338435211443953,
    "annual_vol": 0.20539941006963128,
    "sharpe": 0.2939850318653251,
    "max_drawdown": -0.21039882007517463,
    "mean_precision_positive": 0.4964601769911504,
    "mean_spearman_ic": -0.04469026548672567,
    "icir": -0.1422030027382034,
    "mean_n_assets": 2.2920353982300883,
    "n_periods": 113
  }
}