{
  "params": {
    "pred_dir": "previsoes/tfb_multi_lb_predlen_carteiras/retornos_simples/DUET/lookback_32/pred_len_24/_backtest_janelas_only",
    "price_path": "data/b3_daily_tfb.csv",
    "model_output": "returns",
    "rebalance_k": 5,
    "max_assets": 9,
    "horizon": 5,
    "only_positive_pred": true,
    "returns_mode": "step",
    "annual_rf": 0.043
  },
  "metrics": {
    "total_return": 0.40425181138804667,
    "annual_return": 0.16830602094041835,
    "annual_vol": 0.1930287845005509,
    "sharpe": 0.6491571775921365,
    "max_drawdown": -0.20339526509123684,
    "mean_precision_positive": 0.4994949494949495,
    "mean_spearman_ic": -0.005553276807658742,
    "icir": -0.029643785430730703,
    "mean_n_assets": 8.99090909090909,
    "n_periods": 110
  }
}