{
  "params": {
    "pred_dir": "previsoes/predlen_loss_todos_ativos/retornos_simples/TransformerSpecific/lookback_246/pred_len_15/_backtest_janelas_only",
    "price_path": "data/b3_daily_tfb.csv",
    "model_output": "returns",
    "rebalance_k": 5,
    "max_assets": 9,
    "horizon": 5,
    "only_positive_pred": true,
    "returns_mode": "step",
    "annual_rf": 0.043
  },
  "metrics": {
    "total_return": 0.10853420451023355,
    "annual_return": 0.04789678856547752,
    "annual_vol": 0.19796850830781468,
    "sharpe": 0.024735189487126257,
    "max_drawdown": -0.20135277197077628,
    "mean_precision_positive": 0.4974974974974975,
    "mean_spearman_ic": -0.0059349390142384734,
    "icir": -0.030256668511092343,
    "mean_n_assets": 9.0,
    "n_periods": 111
  }
}