{
  "params": {
    "pred_dir": "previsoes/predlen_loss_todos_ativos/retornos_simples/TransformerSpecific/lookback_246/pred_len_10/_backtest_janelas_only",
    "price_path": "data/b3_daily_tfb.csv",
    "model_output": "returns",
    "rebalance_k": 5,
    "max_assets": 9,
    "horizon": 5,
    "only_positive_pred": true,
    "returns_mode": "step",
    "annual_rf": 0.043
  },
  "metrics": {
    "total_return": -0.020601978427249645,
    "annual_return": -0.009323981472754261,
    "annual_vol": 0.23772090250551445,
    "sharpe": -0.2201067761449395,
    "max_drawdown": -0.2725033886905198,
    "mean_precision_positive": 0.47718253968253965,
    "mean_spearman_ic": -0.006704670264312024,
    "icir": -0.03763360215658191,
    "mean_n_assets": 9.0,
    "n_periods": 112
  }
}