{
  "params": {
    "pred_dir": "previsoes/predlen_loss_todos_ativos/retornos/TransformerShrINSpec/lookback_246/pred_len_15/_backtest_janelas_only",
    "price_path": "data/b3_daily_tfb.csv",
    "model_output": "returns",
    "rebalance_k": 15,
    "max_assets": 9,
    "horizon": 15,
    "only_positive_pred": true,
    "returns_mode": "step",
    "annual_rf": 0.043
  },
  "metrics": {
    "total_return": 0.47226717126007856,
    "annual_return": 0.1919965806361108,
    "annual_vol": 0.19063308938192897,
    "sharpe": 0.7815882390574893,
    "max_drawdown": -0.13141764355417596,
    "mean_precision_positive": 0.5645645645645647,
    "mean_spearman_ic": 0.00862067429956002,
    "icir": 0.05111515467803742,
    "mean_n_assets": 9.0,
    "n_periods": 37
  }
}