{
  "params": {
    "pred_dir": "previsoes/financeiro_predlen_loss/retornos/TransformerShrINSpec/lookback_246/pred_len_15/_backtest_janelas_only",
    "price_path": "data/b3_daily_financeiro.csv",
    "model_output": "returns",
    "rebalance_k": 1,
    "max_assets": 9,
    "horizon": 1,
    "only_positive_pred": true,
    "returns_mode": "step",
    "annual_rf": 0.043
  },
  "metrics": {
    "total_return": 0.4306674912903583,
    "annual_return": 0.17658411671543206,
    "annual_vol": 0.27325963025095584,
    "sharpe": 0.48885419552369025,
    "max_drawdown": -0.2896046100889378,
    "mean_precision_positive": 0.4972972972972973,
    "mean_spearman_ic": 0.0004567391573697917,
    "icir": 0.0014276976290775666,
    "mean_n_assets": 2.0,
    "n_periods": 555
  }
}