{
  "params": {
    "pred_dir": "previsoes/financeiro/retornos/TransformerShrINSpec/lookback_104/pred_len_20/_backtest_janelas_only",
    "price_path": "data/b3_daily_financeiro.csv",
    "model_output": "returns",
    "rebalance_k": 10,
    "max_assets": 9,
    "horizon": 10,
    "only_positive_pred": true,
    "returns_mode": "step",
    "annual_rf": 0.043
  },
  "metrics": {
    "total_return": 0.4835293084548917,
    "annual_return": 0.1980771149386542,
    "annual_vol": 0.23955917552999653,
    "sharpe": 0.6473436661132446,
    "max_drawdown": -0.2042658627349221,
    "mean_precision_positive": 0.5515151515151515,
    "mean_spearman_ic": -0.02121212121212122,
    "icir": -0.07063663655116846,
    "mean_n_assets": 3.4363636363636365,
    "n_periods": 55
  }
}