{
  "params": {
    "pred_dir": "previsoes/financeiro_predlen_loss/retornos/TransformerShrINSpec/lookback_104/pred_len_15/_backtest_janelas_only",
    "price_path": "data/b3_daily_financeiro.csv",
    "model_output": "returns",
    "rebalance_k": 5,
    "max_assets": 9,
    "horizon": 5,
    "only_positive_pred": true,
    "returns_mode": "step",
    "annual_rf": 0.043
  },
  "metrics": {
    "total_return": 0.6946662142262539,
    "annual_return": 0.2706226614067948,
    "annual_vol": 0.21435525720694334,
    "sharpe": 1.0618944660967322,
    "max_drawdown": -0.14921844227832615,
    "mean_precision_positive": 0.5055555555555556,
    "mean_spearman_ic": -0.05765765765765765,
    "icir": -0.16884898994137598,
    "mean_n_assets": 4.225225225225225,
    "n_periods": 111
  }
}