{
  "params": {
    "pred_dir": "previsoes/financeiro/retornos/TransformerSpecific/lookback_32/pred_len_20/_backtest_janelas_only",
    "price_path": "data/b3_daily_financeiro.csv",
    "model_output": "returns",
    "rebalance_k": 10,
    "max_assets": 9,
    "horizon": 10,
    "only_positive_pred": true,
    "returns_mode": "step",
    "annual_rf": 0.043
  },
  "metrics": {
    "total_return": 0.5578618284828551,
    "annual_return": 0.2252176882564778,
    "annual_vol": 0.20243241963130482,
    "sharpe": 0.9001408400312333,
    "max_drawdown": -0.14991087943425307,
    "mean_precision_positive": 0.5480519480519479,
    "mean_spearman_ic": 0.01090909090909091,
    "icir": 0.03223813090831415,
    "mean_n_assets": 7.0,
    "n_periods": 55
  }
}