{
  "params": {
    "pred_dir": "previsoes/tfb_multi_lb_predlen_carteiras/retornos_simples/DUET/lookback_246/pred_len_24/_backtest_janelas_only",
    "price_path": "data/b3_daily_tfb.csv",
    "model_output": "returns",
    "rebalance_k": 15,
    "max_assets": 9,
    "horizon": 15,
    "only_positive_pred": true,
    "returns_mode": "step",
    "annual_rf": 0.043
  },
  "metrics": {
    "total_return": 2.383282748049429,
    "annual_return": 0.7391946806581511,
    "annual_vol": 0.20035194912690618,
    "sharpe": 3.474858536151151,
    "max_drawdown": -0.025218323461346448,
    "mean_precision_positive": 0.6715465465465466,
    "mean_spearman_ic": 0.19830858935336548,
    "icir": 0.8945685214407494,
    "mean_n_assets": 8.972972972972974,
    "n_periods": 37
  }
}