{
  "params": {
    "pred_dir": "previsoes/tfb_multi_lb_predlen_carteiras/retornos_simples/DUET/lookback_246/pred_len_24/_backtest_janelas_only",
    "price_path": "data/b3_daily_tfb.csv",
    "model_output": "returns",
    "rebalance_k": 24,
    "max_assets": 9,
    "horizon": 24,
    "only_positive_pred": true,
    "returns_mode": "step",
    "annual_rf": 0.043
  },
  "metrics": {
    "total_return": 1.5457661319211242,
    "annual_return": 0.532021885618847,
    "annual_vol": 0.231579564290965,
    "sharpe": 2.111679789691728,
    "max_drawdown": -0.07590704828477546,
    "mean_precision_positive": 0.6721014492753623,
    "mean_spearman_ic": 0.2070406512476201,
    "icir": 0.9032314021610743,
    "mean_n_assets": 8.956521739130435,
    "n_periods": 23
  }
}