{
  "params": {
    "pred_dir": "previsoes/financeiro/retornos/TransformerShrINSpec/lookback_32/pred_len_20/_backtest_janelas_only",
    "price_path": "data/b3_daily_financeiro.csv",
    "model_output": "returns",
    "rebalance_k": 15,
    "max_assets": 9,
    "horizon": 15,
    "only_positive_pred": true,
    "returns_mode": "step",
    "annual_rf": 0.043
  },
  "metrics": {
    "total_return": 0.6403345061461898,
    "annual_return": 0.2519613940814698,
    "annual_vol": 0.20512354965713236,
    "sharpe": 1.018709916198079,
    "max_drawdown": -0.13061405058326636,
    "mean_precision_positive": 0.5746460746460745,
    "mean_spearman_ic": 0.04144144144144144,
    "icir": 0.11862383409571806,
    "mean_n_assets": 6.243243243243243,
    "n_periods": 37
  }
}