{
  "params": {
    "pred_dir": "previsoes/tfb_multi_lb_predlen_carteiras/retornos_simples/TimesNet/lookback_32/pred_len_15/_backtest_janelas_only",
    "price_path": "data/b3_daily_tfb.csv",
    "model_output": "returns",
    "rebalance_k": 15,
    "max_assets": 9,
    "horizon": 15,
    "only_positive_pred": true,
    "returns_mode": "step",
    "annual_rf": 0.043
  },
  "metrics": {
    "total_return": 0.4933822574263176,
    "annual_return": 0.19399335598984724,
    "annual_vol": 0.25316157231941083,
    "sharpe": 0.5964307876842414,
    "max_drawdown": -0.19813831707565976,
    "mean_precision_positive": 0.5000000000000001,
    "mean_spearman_ic": -0.001676563813248813,
    "icir": -0.009086991007349601,
    "mean_n_assets": 9.0,
    "n_periods": 38
  }
}