{
  "params": {
    "pred_dir": "previsoes/predlen_loss_todos_ativos/retornos/TransformerSpecific/lookback_246/pred_len_15/_backtest_janelas_only",
    "price_path": "data/b3_daily_tfb.csv",
    "model_output": "returns",
    "rebalance_k": 5,
    "max_assets": 9,
    "horizon": 5,
    "only_positive_pred": true,
    "returns_mode": "step",
    "annual_rf": 0.043
  },
  "metrics": {
    "total_return": 0.2692187081498172,
    "annual_return": 0.11432314637886232,
    "annual_vol": 0.18933945020979204,
    "sharpe": 0.3766945890031623,
    "max_drawdown": -0.1653355225712816,
    "mean_precision_positive": 0.5105105105105104,
    "mean_spearman_ic": 0.009569169552338825,
    "icir": 0.05602627457906548,
    "mean_n_assets": 9.0,
    "n_periods": 111
  }
}