{
  "params": {
    "pred_dir": "previsoes/tfb_multi_lb_predlen_carteiras/retornos_simples/DUET/lookback_246/pred_len_5/_backtest_janelas_only",
    "price_path": "data/b3_daily_tfb.csv",
    "model_output": "returns",
    "rebalance_k": 5,
    "max_assets": 9,
    "horizon": 5,
    "only_positive_pred": true,
    "returns_mode": "step",
    "annual_rf": 0.043
  },
  "metrics": {
    "total_return": 2.1501975563970865,
    "annual_return": 0.6608016204674505,
    "annual_vol": 0.17697640736144804,
    "sharpe": 3.4908699395489613,
    "max_drawdown": -0.05778317315146231,
    "mean_precision_positive": 0.5725772765246451,
    "mean_spearman_ic": 0.10316265783897148,
    "icir": 0.43667003591146936,
    "mean_n_assets": 8.964912280701755,
    "n_periods": 114
  }
}