{
  "params": {
    "pred_dir": "previsoes/tfb_multi_lb_predlen_carteiras/retornos_simples/FEDformer/lookback_32/pred_len_15/_backtest_janelas_only",
    "price_path": "data/b3_daily_tfb.csv",
    "model_output": "returns",
    "rebalance_k": 10,
    "max_assets": 9,
    "horizon": 10,
    "only_positive_pred": true,
    "returns_mode": "step",
    "annual_rf": 0.043
  },
  "metrics": {
    "total_return": 0.23239879933801189,
    "annual_return": 0.09859614298193775,
    "annual_vol": 0.21586898449495906,
    "sharpe": 0.2575457660673622,
    "max_drawdown": -0.2719726244560624,
    "mean_precision_positive": 0.5178571428571429,
    "mean_spearman_ic": -0.002050517620282914,
    "icir": -0.012285722883886217,
    "mean_n_assets": 9.0,
    "n_periods": 56
  }
}