{
  "params": {
    "pred_dir": "previsoes/financeiro_predlen_loss/retornos/TransformerShrINSpec/lookback_246/pred_len_5/_backtest_janelas_only",
    "price_path": "data/b3_daily_financeiro.csv",
    "model_output": "returns",
    "rebalance_k": 1,
    "max_assets": 9,
    "horizon": 1,
    "only_positive_pred": true,
    "returns_mode": "step",
    "annual_rf": 0.043
  },
  "metrics": {
    "total_return": 0.5945472226220809,
    "annual_return": 0.23134530954150323,
    "annual_vol": 0.20790882730868565,
    "sharpe": 0.9059033807249746,
    "max_drawdown": -0.22229136936239124,
    "mean_precision_positive": 0.5100294985250737,
    "mean_spearman_ic": 0.024418416052741136,
    "icir": 0.07044206950917964,
    "mean_n_assets": 2.0088495575221237,
    "n_periods": 565
  }
}