{
  "params": {
    "pred_dir": "previsoes/financeiro_predlen_loss/retornos/AttentionSoloChannelIndependentShrINSpec/lookback_32/pred_len_15/_backtest_janelas_only",
    "price_path": "data/b3_daily_financeiro.csv",
    "model_output": "returns",
    "rebalance_k": 15,
    "max_assets": 9,
    "horizon": 15,
    "only_positive_pred": true,
    "returns_mode": "step",
    "annual_rf": 0.043
  },
  "metrics": {
    "total_return": 0.4633077755622752,
    "annual_return": 0.18869746332330473,
    "annual_vol": 0.2446551619485176,
    "sharpe": 0.5955217219326998,
    "max_drawdown": -0.19930476439875633,
    "mean_precision_positive": 0.5220720720720721,
    "mean_spearman_ic": -0.10675675675675675,
    "icir": -0.26014863581390923,
    "mean_n_assets": 4.972972972972973,
    "n_periods": 37
  }
}