{
  "params": {
    "pred_dir": "previsoes/predlen_loss_todos_ativos/retornos/TransformerSpecific/lookback_246/pred_len_10/_backtest_janelas_only",
    "price_path": "data/b3_daily_tfb.csv",
    "model_output": "returns",
    "rebalance_k": 1,
    "max_assets": 9,
    "horizon": 1,
    "only_positive_pred": true,
    "returns_mode": "step",
    "annual_rf": 0.043
  },
  "metrics": {
    "total_return": 0.1034617487558831,
    "annual_return": 0.045299583542533606,
    "annual_vol": 0.19324891745151032,
    "sharpe": 0.011899593399329736,
    "max_drawdown": -0.1921814097927731,
    "mean_precision_positive": 0.4966269841269841,
    "mean_spearman_ic": 0.013272092186904482,
    "icir": 0.09115378975328611,
    "mean_n_assets": 9.0,
    "n_periods": 560
  }
}