{
  "params": {
    "pred_dir": "previsoes/predlen_loss_todos_ativos/retornos/TransformerSpecific/lookback_32/pred_len_15/_backtest_janelas_only",
    "price_path": "data/b3_daily_tfb.csv",
    "model_output": "returns",
    "rebalance_k": 1,
    "max_assets": 9,
    "horizon": 1,
    "only_positive_pred": true,
    "returns_mode": "step",
    "annual_rf": 0.043
  },
  "metrics": {
    "total_return": 0.47223029185200205,
    "annual_return": 0.19198302303504655,
    "annual_vol": 0.18731319098043833,
    "sharpe": 0.7953685602985927,
    "max_drawdown": -0.14713036240755883,
    "mean_precision_positive": 0.4850850850850851,
    "mean_spearman_ic": 0.008087568007807409,
    "icir": 0.05102381183352382,
    "mean_n_assets": 9.0,
    "n_periods": 555
  }
}