{
  "params": {
    "pred_dir": "previsoes/financeiro/retornos/TransformerSpecific/lookback_246/pred_len_20/_backtest_janelas_only",
    "price_path": "data/b3_daily_financeiro.csv",
    "model_output": "returns",
    "rebalance_k": 20,
    "max_assets": 9,
    "horizon": 20,
    "only_positive_pred": true,
    "returns_mode": "step",
    "annual_rf": 0.043
  },
  "metrics": {
    "total_return": 0.5479010096758123,
    "annual_return": 0.21726303142187398,
    "annual_vol": 0.18605227448398406,
    "sharpe": 0.936634781301075,
    "max_drawdown": -0.09306891107432613,
    "mean_precision_positive": 0.5928571428571429,
    "mean_spearman_ic": 0.042261904761904744,
    "icir": 0.13857178860439745,
    "mean_n_assets": 5.0,
    "n_periods": 28
  }
}