{
  "params": {
    "pred_dir": "previsoes/tfb_multi_lb_predlen_carteiras/retornos_simples/TimesNet/lookback_32/pred_len_24/_backtest_janelas_only",
    "price_path": "data/b3_daily_tfb.csv",
    "model_output": "returns",
    "rebalance_k": 15,
    "max_assets": 9,
    "horizon": 15,
    "only_positive_pred": true,
    "returns_mode": "step",
    "annual_rf": 0.043
  },
  "metrics": {
    "total_return": 0.3888916491457737,
    "annual_return": 0.16085813800348792,
    "annual_vol": 0.23991265303019055,
    "sharpe": 0.49125436493195995,
    "max_drawdown": -0.19572012384485626,
    "mean_precision_positive": 0.48948948948948956,
    "mean_spearman_ic": 0.008494853270972675,
    "icir": 0.047152603533095985,
    "mean_n_assets": 9.0,
    "n_periods": 37
  }
}