{
  "params": {
    "pred_dir": "previsoes/predlen_loss_todos_ativos/log_retornos/TransformerSpecific/lookback_32/pred_len_20/_backtest_janelas_only",
    "price_path": "data/b3_daily_tfb.csv",
    "model_output": "log_returns",
    "rebalance_k": 10,
    "max_assets": 9,
    "horizon": 10,
    "only_positive_pred": true,
    "returns_mode": "step",
    "annual_rf": 0.043
  },
  "metrics": {
    "total_return": 0.10460921742010587,
    "annual_return": 0.04664022975016402,
    "annual_vol": 0.19256247742684957,
    "sharpe": 0.018904148922506823,
    "max_drawdown": -0.15435573647228185,
    "mean_precision_positive": 0.5191919191919192,
    "mean_spearman_ic": 0.019403837383290233,
    "icir": 0.09888450472518671,
    "mean_n_assets": 9.0,
    "n_periods": 55
  }
}