{
  "params": {
    "pred_dir": "previsoes/predlen_loss_todos_ativos/retornos/TransformerShrINSpec/lookback_32/pred_len_10/_backtest_janelas_only",
    "price_path": "data/b3_daily_tfb.csv",
    "model_output": "returns",
    "rebalance_k": 1,
    "max_assets": 9,
    "horizon": 1,
    "only_positive_pred": true,
    "returns_mode": "step",
    "annual_rf": 0.043
  },
  "metrics": {
    "total_return": 0.23858219006672066,
    "annual_return": 0.10107315387210547,
    "annual_vol": 0.21750490487021798,
    "sharpe": 0.26699698522549126,
    "max_drawdown": -0.2522625779754808,
    "mean_precision_positive": 0.4871031746031746,
    "mean_spearman_ic": 0.004925305432354235,
    "icir": 0.03214240512390801,
    "mean_n_assets": 9.0,
    "n_periods": 560
  }
}