{
  "params": {
    "pred_dir": "previsoes/tfb_multi_lb_predlen_carteiras/log_retornos/DUET/lookback_32/pred_len_15/_backtest_janelas_only",
    "price_path": "data/b3_daily_tfb.csv",
    "model_output": "log_returns",
    "rebalance_k": 15,
    "max_assets": 9,
    "horizon": 15,
    "only_positive_pred": true,
    "returns_mode": "step",
    "annual_rf": 0.043
  },
  "metrics": {
    "total_return": 0.4521097324453276,
    "annual_return": 0.17929050912073374,
    "annual_vol": 0.22952588054614476,
    "sharpe": 0.5937914661145735,
    "max_drawdown": -0.1974544630950109,
    "mean_precision_positive": 0.49415204678362584,
    "mean_spearman_ic": 0.011263520454408116,
    "icir": 0.057620071676348805,
    "mean_n_assets": 9.0,
    "n_periods": 38
  }
}