{
  "params": {
    "pred_dir": "previsoes/predlen_loss_todos_ativos/log_retornos/TransformerSpecific/lookback_32/pred_len_5/_backtest_janelas_only",
    "price_path": "data/b3_daily_tfb.csv",
    "model_output": "log_returns",
    "rebalance_k": 5,
    "max_assets": 9,
    "horizon": 5,
    "only_positive_pred": true,
    "returns_mode": "step",
    "annual_rf": 0.043
  },
  "metrics": {
    "total_return": 0.28270893369592476,
    "annual_return": 0.11744731174208312,
    "annual_vol": 0.17841729681835608,
    "sharpe": 0.41726510304590475,
    "max_drawdown": -0.12754391830526612,
    "mean_precision_positive": 0.49950835791543763,
    "mean_spearman_ic": 0.0011978207694142112,
    "icir": 0.005808936737861534,
    "mean_n_assets": 9.0,
    "n_periods": 113
  }
}