{
  "params": {
    "pred_dir": "previsoes/financeiro_predlen_loss/retornos/TransformerSpecific/lookback_104/pred_len_10/_backtest_janelas_only",
    "price_path": "data/b3_daily_financeiro.csv",
    "model_output": "returns",
    "rebalance_k": 5,
    "max_assets": 9,
    "horizon": 5,
    "only_positive_pred": true,
    "returns_mode": "step",
    "annual_rf": 0.043
  },
  "metrics": {
    "total_return": 0.4683980415738531,
    "annual_return": 0.18872037985605106,
    "annual_vol": 0.2255535917528121,
    "sharpe": 0.6460565700755874,
    "max_drawdown": -0.19650585077039695,
    "mean_precision_positive": 0.5089285714285714,
    "mean_spearman_ic": 0.0034226190476190593,
    "icir": 0.009122397049511725,
    "mean_n_assets": 3.017857142857143,
    "n_periods": 112
  }
}