{
  "params": {
    "pred_dir": "previsoes/financeiro_predlen_loss/retornos/AttentionSoloChannelIndependentSharedSpecific/lookback_104/pred_len_15/_backtest_janelas_only",
    "price_path": "data/b3_daily_financeiro.csv",
    "model_output": "returns",
    "rebalance_k": 5,
    "max_assets": 9,
    "horizon": 5,
    "only_positive_pred": true,
    "returns_mode": "step",
    "annual_rf": 0.043
  },
  "metrics": {
    "total_return": 0.5597164303154394,
    "annual_return": 0.22363857245932128,
    "annual_vol": 0.18346870940325447,
    "sharpe": 0.9845742799786492,
    "max_drawdown": -0.15966426556353042,
    "mean_precision_positive": 0.5052552552552552,
    "mean_spearman_ic": -0.022822822822822813,
    "icir": -0.07552723859674777,
    "mean_n_assets": 5.324324324324325,
    "n_periods": 111
  }
}