{
  "params": {
    "pred_dir": "previsoes/predlen_loss_todos_ativos/log_retornos/TransformerShrINSpec/lookback_104/pred_len_20/_backtest_janelas_only",
    "price_path": "data/b3_daily_tfb.csv",
    "model_output": "log_returns",
    "rebalance_k": 20,
    "max_assets": 9,
    "horizon": 20,
    "only_positive_pred": true,
    "returns_mode": "step",
    "annual_rf": 0.043
  },
  "metrics": {
    "total_return": 0.17667671772261984,
    "annual_return": 0.07595899889406033,
    "annual_vol": 0.13336050735175747,
    "sharpe": 0.2471421228709504,
    "max_drawdown": -0.09243371346871099,
    "mean_precision_positive": 0.46825396825396826,
    "mean_spearman_ic": 0.052122393064114585,
    "icir": 0.18596511087176767,
    "mean_n_assets": 9.0,
    "n_periods": 28
  }
}