{
  "params": {
    "pred_dir": "previsoes/tfb_multi_lb_predlen_carteiras/retornos_simples/DUET/lookback_32/pred_len_5/_backtest_janelas_only",
    "price_path": "data/b3_daily_tfb.csv",
    "model_output": "returns",
    "rebalance_k": 1,
    "max_assets": 9,
    "horizon": 1,
    "only_positive_pred": true,
    "returns_mode": "step",
    "annual_rf": 0.043
  },
  "metrics": {
    "total_return": 0.6319913737161371,
    "annual_return": 0.24367900999256653,
    "annual_vol": 0.2257686897524232,
    "sharpe": 0.8888699766678458,
    "max_drawdown": -0.189176791993251,
    "mean_precision_positive": 0.48948062145942006,
    "mean_spearman_ic": 0.012211270820257455,
    "icir": 0.06816375748095657,
    "mean_n_assets": 8.902826855123674,
    "n_periods": 566
  }
}