{
  "params": {
    "pred_dir": "previsoes/tfb_multi_lb_predlen_carteiras/log_retornos/DUET/lookback_246/pred_len_15/_backtest_janelas_only",
    "price_path": "data/b3_daily_tfb.csv",
    "model_output": "log_returns",
    "rebalance_k": 1,
    "max_assets": 9,
    "horizon": 1,
    "only_positive_pred": true,
    "returns_mode": "step",
    "annual_rf": 0.043
  },
  "metrics": {
    "total_return": 1.5732596278279969,
    "annual_return": 0.5347813974404141,
    "annual_vol": 0.17595862715880486,
    "sharpe": 2.79486948370298,
    "max_drawdown": -0.11788183176449674,
    "mean_precision_positive": 0.520426515930113,
    "mean_spearman_ic": 0.05104631178184083,
    "icir": 0.2239969328694873,
    "mean_n_assets": 8.97841726618705,
    "n_periods": 556
  }
}