{
  "params": {
    "pred_dir": "previsoes/financeiro/retornos/TransformerSpecific/lookback_246/pred_len_20/_backtest_janelas_only",
    "price_path": "data/b3_daily_financeiro.csv",
    "model_output": "returns",
    "rebalance_k": 15,
    "max_assets": 9,
    "horizon": 15,
    "only_positive_pred": true,
    "returns_mode": "step",
    "annual_rf": 0.043
  },
  "metrics": {
    "total_return": 0.5829207645424799,
    "annual_return": 0.23187104571741024,
    "annual_vol": 0.17910002607095712,
    "sharpe": 1.05455621565673,
    "max_drawdown": -0.1198096158868236,
    "mean_precision_positive": 0.5405405405405406,
    "mean_spearman_ic": 0.056756756756756746,
    "icir": 0.23368650297666396,
    "mean_n_assets": 3.0,
    "n_periods": 37
  }
}