{
  "params": {
    "pred_dir": "previsoes/financeiro_predlen_loss/retornos/AttentionSoloChannelIndependentSharedSpecific/lookback_32/pred_len_5/_backtest_janelas_only",
    "price_path": "data/b3_daily_financeiro.csv",
    "model_output": "returns",
    "rebalance_k": 1,
    "max_assets": 9,
    "horizon": 1,
    "only_positive_pred": true,
    "returns_mode": "step",
    "annual_rf": 0.043
  },
  "metrics": {
    "total_return": 0.6672960280739966,
    "annual_return": 0.2560924366104391,
    "annual_vol": 0.20020629805735654,
    "sharpe": 1.0643643016134832,
    "max_drawdown": -0.18585625763445557,
    "mean_precision_positive": 0.5133206911083018,
    "mean_spearman_ic": 0.006451736910696833,
    "icir": 0.02223551695220392,
    "mean_n_assets": 3.897345132743363,
    "n_periods": 565
  }
}