{
  "params": {
    "pred_dir": "previsoes/tfb_multi_lb_predlen_carteiras/log_retornos/FEDformer/lookback_246/pred_len_1/_backtest_janelas_only",
    "price_path": "data/b3_daily_tfb.csv",
    "model_output": "log_returns",
    "rebalance_k": 1,
    "max_assets": 9,
    "horizon": 1,
    "only_positive_pred": true,
    "returns_mode": "step",
    "annual_rf": 0.043
  },
  "metrics": {
    "total_return": 0.4843631288931525,
    "annual_return": 0.19079994722597737,
    "annual_vol": 0.19557147522067564,
    "sharpe": 0.7557336623820288,
    "max_drawdown": -0.17550193372985667,
    "mean_precision_positive": 0.49512670565302136,
    "mean_spearman_ic": 0.010921890179971156,
    "icir": 0.07811509077850616,
    "mean_n_assets": 9.0,
    "n_periods": 570
  }
}