{
  "params": {
    "pred_dir": "previsoes/tfb_multi_lb_predlen_carteiras/log_retornos/DUET/lookback_246/pred_len_10/_backtest_janelas_only",
    "price_path": "data/b3_daily_tfb.csv",
    "model_output": "log_returns",
    "rebalance_k": 1,
    "max_assets": 9,
    "horizon": 1,
    "only_positive_pred": true,
    "returns_mode": "step",
    "annual_rf": 0.043
  },
  "metrics": {
    "total_return": 1.9510372884649385,
    "annual_return": 0.6259666315786423,
    "annual_vol": 0.17922015857208692,
    "sharpe": 3.2527960929359305,
    "max_drawdown": -0.07799787077545872,
    "mean_precision_positive": 0.5239255298078828,
    "mean_spearman_ic": 0.05065007349297361,
    "icir": 0.23159841565432998,
    "mean_n_assets": 8.98752228163993,
    "n_periods": 561
  }
}