{
  "params": {
    "pred_dir": "previsoes/tfb_multi_lb_predlen_carteiras/log_retornos/DUET/lookback_32/pred_len_24/_backtest_janelas_only",
    "price_path": "data/b3_daily_tfb.csv",
    "model_output": "log_returns",
    "rebalance_k": 20,
    "max_assets": 9,
    "horizon": 20,
    "only_positive_pred": true,
    "returns_mode": "step",
    "annual_rf": 0.043
  },
  "metrics": {
    "total_return": 0.1174626706686579,
    "annual_return": 0.05124722141947746,
    "annual_vol": 0.21313946753028154,
    "sharpe": 0.038694013431865924,
    "max_drawdown": -0.20021782026101942,
    "mean_precision_positive": 0.4523809523809524,
    "mean_spearman_ic": -0.012629161882893222,
    "icir": -0.06116068127301528,
    "mean_n_assets": 9.0,
    "n_periods": 28
  }
}