{
  "params": {
    "pred_dir": "previsoes/predlen_loss_todos_ativos/retornos/TransformerSpecific/lookback_104/pred_len_10/_backtest_janelas_only",
    "price_path": "data/b3_daily_tfb.csv",
    "model_output": "returns",
    "rebalance_k": 5,
    "max_assets": 9,
    "horizon": 5,
    "only_positive_pred": true,
    "returns_mode": "step",
    "annual_rf": 0.043
  },
  "metrics": {
    "total_return": 0.14080771928683555,
    "annual_return": 0.061073829190465334,
    "annual_vol": 0.2025226539919433,
    "sharpe": 0.08924349367446244,
    "max_drawdown": -0.2609203843041986,
    "mean_precision_positive": 0.4930555555555555,
    "mean_spearman_ic": -0.017155885691564367,
    "icir": -0.1104896365735793,
    "mean_n_assets": 9.0,
    "n_periods": 112
  }
}