{
  "params": {
    "pred_dir": "previsoes/predlen_loss_todos_ativos/retornos/TransformerSpecific/lookback_246/pred_len_24/_backtest_janelas_only",
    "price_path": "data/b3_daily_tfb.csv",
    "model_output": "returns",
    "rebalance_k": 24,
    "max_assets": 9,
    "horizon": 24,
    "only_positive_pred": true,
    "returns_mode": "step",
    "annual_rf": 0.043
  },
  "metrics": {
    "total_return": 0.1654519113126114,
    "annual_return": 0.07239830815490844,
    "annual_vol": 0.15431021202312806,
    "sharpe": 0.19051433971526277,
    "max_drawdown": -0.12042911179916838,
    "mean_precision_positive": 0.5072463768115941,
    "mean_spearman_ic": -0.045073810031629635,
    "icir": -0.2839000044358375,
    "mean_n_assets": 9.0,
    "n_periods": 23
  }
}