{
  "params": {
    "pred_dir": "previsoes/tfb_multi_lb_predlen_carteiras/log_retornos/DUET/lookback_104/pred_len_24/_backtest_janelas_only",
    "price_path": "data/b3_daily_tfb.csv",
    "model_output": "log_returns",
    "rebalance_k": 1,
    "max_assets": 9,
    "horizon": 1,
    "only_positive_pred": true,
    "returns_mode": "step",
    "annual_rf": 0.043
  },
  "metrics": {
    "total_return": 3.227748236932114,
    "annual_return": 0.9428763010461871,
    "annual_vol": 0.20003736135185213,
    "sharpe": 4.498541147337801,
    "max_drawdown": -0.09113093942007477,
    "mean_precision_positive": 0.5231820028437945,
    "mean_spearman_ic": 0.0670450034558064,
    "icir": 0.34785737159451263,
    "mean_n_assets": 8.992687385740401,
    "n_periods": 547
  }
}