{
  "params": {
    "pred_dir": "previsoes/predlen_loss_todos_ativos/retornos/TransformerSpecific/lookback_104/pred_len_24/_backtest_janelas_only",
    "price_path": "data/b3_daily_tfb.csv",
    "model_output": "returns",
    "rebalance_k": 5,
    "max_assets": 9,
    "horizon": 5,
    "only_positive_pred": true,
    "returns_mode": "step",
    "annual_rf": 0.043
  },
  "metrics": {
    "total_return": 0.18836366483445133,
    "annual_return": 0.0822820013480432,
    "annual_vol": 0.25387145871209404,
    "sharpe": 0.15473185346365156,
    "max_drawdown": -0.31849773633314005,
    "mean_precision_positive": 0.5080808080808081,
    "mean_spearman_ic": -0.009861205105968007,
    "icir": -0.06221626087481422,
    "mean_n_assets": 9.0,
    "n_periods": 110
  }
}