{
  "params": {
    "pred_dir": "previsoes/predlen_loss_todos_ativos/retornos/AttentionSoloChannelIndependent/lookback_246/pred_len_24/_backtest_janelas_only",
    "price_path": "data/b3_daily_tfb.csv",
    "model_output": "returns",
    "rebalance_k": 10,
    "max_assets": 9,
    "horizon": 10,
    "only_positive_pred": true,
    "returns_mode": "step",
    "annual_rf": 0.043
  },
  "metrics": {
    "total_return": 0.2318096980088875,
    "annual_return": 0.10023495849337216,
    "annual_vol": 0.22711470937403602,
    "sharpe": 0.25200903389798374,
    "max_drawdown": -0.17537099582203097,
    "mean_precision_positive": 0.5090909090909091,
    "mean_spearman_ic": -0.0002897474028848788,
    "icir": -0.0020596756996514257,
    "mean_n_assets": 9.0,
    "n_periods": 55
  }
}