{
  "params": {
    "pred_dir": "previsoes/financeiro_predlen_loss/retornos/AttentionSoloChannelIndependentShrINSpec/lookback_32/pred_len_5/_backtest_janelas_only",
    "price_path": "data/b3_daily_financeiro.csv",
    "model_output": "returns",
    "rebalance_k": 5,
    "max_assets": 9,
    "horizon": 5,
    "only_positive_pred": true,
    "returns_mode": "step",
    "annual_rf": 0.043
  },
  "metrics": {
    "total_return": 0.5939928019976528,
    "annual_return": 0.2311543348673626,
    "annual_vol": 0.21751635598171484,
    "sharpe": 0.8650123528328117,
    "max_drawdown": -0.18144607534404233,
    "mean_precision_positive": 0.5353982300884956,
    "mean_spearman_ic": 0.026843657817109144,
    "icir": 0.08540458198032715,
    "mean_n_assets": 1.345132743362832,
    "n_periods": 113
  }
}