{
  "params": {
    "pred_dir": "previsoes/predlen_loss_todos_ativos/retornos/TransformerSpecific/lookback_104/pred_len_24/_backtest_janelas_only",
    "price_path": "data/b3_daily_tfb.csv",
    "model_output": "returns",
    "rebalance_k": 15,
    "max_assets": 9,
    "horizon": 15,
    "only_positive_pred": true,
    "returns_mode": "step",
    "annual_rf": 0.043
  },
  "metrics": {
    "total_return": 0.35017025643824784,
    "annual_return": 0.14604967830397642,
    "annual_vol": 0.20750149941942875,
    "sharpe": 0.49662136703734916,
    "max_drawdown": -0.17020217628468304,
    "mean_precision_positive": 0.5435435435435435,
    "mean_spearman_ic": -0.027447924698386774,
    "icir": -0.17137213549507174,
    "mean_n_assets": 9.0,
    "n_periods": 37
  }
}