{
  "params": {
    "pred_dir": "previsoes/tfb_multi_lb_predlen_carteiras/log_retornos/FEDformer/lookback_32/pred_len_24/_backtest_janelas_only",
    "price_path": "data/b3_daily_tfb.csv",
    "model_output": "log_returns",
    "rebalance_k": 15,
    "max_assets": 9,
    "horizon": 15,
    "only_positive_pred": true,
    "returns_mode": "step",
    "annual_rf": 0.043
  },
  "metrics": {
    "total_return": 0.46897510106802587,
    "annual_return": 0.19078561913558145,
    "annual_vol": 0.19890013650019636,
    "sharpe": 0.7430141664856804,
    "max_drawdown": -0.14880339776052354,
    "mean_precision_positive": 0.5015015015015015,
    "mean_spearman_ic": 0.01550309311503342,
    "icir": 0.08784030442070312,
    "mean_n_assets": 9.0,
    "n_periods": 37
  }
}