{
  "params": {
    "pred_dir": "previsoes/tfb_multi_lb_predlen_carteiras/retornos_simples/DUET/lookback_32/pred_len_15/_backtest_janelas_only",
    "price_path": "data/b3_daily_tfb.csv",
    "model_output": "returns",
    "rebalance_k": 10,
    "max_assets": 9,
    "horizon": 10,
    "only_positive_pred": true,
    "returns_mode": "step",
    "annual_rf": 0.043
  },
  "metrics": {
    "total_return": 0.532975695086878,
    "annual_return": 0.21196721309473787,
    "annual_vol": 0.2237341964430106,
    "sharpe": 0.7552140700037202,
    "max_drawdown": -0.22405375662903615,
    "mean_precision_positive": 0.5183531746031746,
    "mean_spearman_ic": 0.031020170989720406,
    "icir": 0.15903694698085336,
    "mean_n_assets": 8.982142857142858,
    "n_periods": 56
  }
}