{
  "params": {
    "pred_dir": "previsoes/tfb_multi_lb_predlen_carteiras/log_retornos/DUET/lookback_32/pred_len_24/_backtest_janelas_only",
    "price_path": "data/b3_daily_tfb.csv",
    "model_output": "log_returns",
    "rebalance_k": 24,
    "max_assets": 9,
    "horizon": 24,
    "only_positive_pred": true,
    "returns_mode": "step",
    "annual_rf": 0.043
  },
  "metrics": {
    "total_return": 0.5940229802995496,
    "annual_return": 0.23720930305744847,
    "annual_vol": 0.19599542974001097,
    "sharpe": 0.9908868962662457,
    "max_drawdown": -0.12761865656438443,
    "mean_precision_positive": 0.5072463768115941,
    "mean_spearman_ic": 0.032128003881931544,
    "icir": 0.1709646263822623,
    "mean_n_assets": 9.0,
    "n_periods": 23
  }
}