{
  "params": {
    "pred_dir": "previsoes/financeiro_predlen_loss/retornos/AttentionSoloChannelIndependentSharedSpecific/lookback_32/pred_len_5/_backtest_janelas_only",
    "price_path": "data/b3_daily_financeiro.csv",
    "model_output": "returns",
    "rebalance_k": 5,
    "max_assets": 9,
    "horizon": 5,
    "only_positive_pred": true,
    "returns_mode": "step",
    "annual_rf": 0.043
  },
  "metrics": {
    "total_return": 0.6219815737892573,
    "annual_return": 0.24074974966279505,
    "annual_vol": 0.2143048517769719,
    "sharpe": 0.9227497558879078,
    "max_drawdown": -0.21261529525916134,
    "mean_precision_positive": 0.528023598820059,
    "mean_spearman_ic": 0.03952802359882006,
    "icir": 0.14573938677326356,
    "mean_n_assets": 1.8849557522123894,
    "n_periods": 113
  }
}