{
  "params": {
    "pred_dir": "previsoes/tfb_multi_lb_predlen_carteiras/log_retornos/DUET/lookback_246/pred_len_24/_backtest_janelas_only",
    "price_path": "data/b3_daily_tfb.csv",
    "model_output": "log_returns",
    "rebalance_k": 1,
    "max_assets": 9,
    "horizon": 1,
    "only_positive_pred": true,
    "returns_mode": "step",
    "annual_rf": 0.043
  },
  "metrics": {
    "total_return": 1.8022472472367932,
    "annual_return": 0.6075476302306371,
    "annual_vol": 0.180576021860375,
    "sharpe": 3.126370956755026,
    "max_drawdown": -0.0967396493422591,
    "mean_precision_positive": 0.5148646295812658,
    "mean_spearman_ic": 0.05040707856865245,
    "icir": 0.22899437276926612,
    "mean_n_assets": 8.994515539305302,
    "n_periods": 547
  }
}