{
  "params": {
    "pred_dir": "previsoes/predlen_loss_todos_ativos/retornos/TransformerShrINSpec/lookback_32/pred_len_24/_backtest_janelas_only",
    "price_path": "data/b3_daily_tfb.csv",
    "model_output": "returns",
    "rebalance_k": 24,
    "max_assets": 9,
    "horizon": 24,
    "only_positive_pred": true,
    "returns_mode": "step",
    "annual_rf": 0.043
  },
  "metrics": {
    "total_return": 0.22370178794952267,
    "annual_return": 0.09654337389300505,
    "annual_vol": 0.1935643853396474,
    "sharpe": 0.2766179005453534,
    "max_drawdown": -0.17484777665965234,
    "mean_precision_positive": 0.5410628019323671,
    "mean_spearman_ic": -0.021530837754069422,
    "icir": -0.15850028299335114,
    "mean_n_assets": 9.0,
    "n_periods": 23
  }
}