{
  "params": {
    "pred_dir": "previsoes/tfb_predlen24_lb32_carteiras/retornos_simples/DUET/lookback_32/pred_len_24/_backtest_janelas_only",
    "price_path": "data/b3_daily_tfb.csv",
    "model_output": "returns",
    "rebalance_k": 20,
    "max_assets": 9,
    "horizon": 20,
    "only_positive_pred": true,
    "returns_mode": "step",
    "annual_rf": 0.043
  },
  "metrics": {
    "total_return": 0.11115786996280042,
    "annual_return": 0.04857402422029522,
    "annual_vol": 0.2126765249393628,
    "sharpe": 0.026208930308055673,
    "max_drawdown": -0.18464196219356677,
    "mean_precision_positive": 0.4642857142857143,
    "mean_spearman_ic": -0.01611821014806089,
    "icir": -0.08167048707694477,
    "mean_n_assets": 9.0,
    "n_periods": 28
  }
}