{
  "params": {
    "pred_dir": "previsoes/financeiro/retornos/AttentionSoloChannelIndependentSharedSpecific/lookback_32/pred_len_20/_backtest_janelas_only",
    "price_path": "data/b3_daily_financeiro.csv",
    "model_output": "returns",
    "rebalance_k": 5,
    "max_assets": 9,
    "horizon": 5,
    "only_positive_pred": true,
    "returns_mode": "step",
    "annual_rf": 0.043
  },
  "metrics": {
    "total_return": 0.5192706699473126,
    "annual_return": 0.2112169086569995,
    "annual_vol": 0.17977674692181095,
    "sharpe": 0.9356989240113512,
    "max_drawdown": -0.1420524239546277,
    "mean_precision_positive": 0.5124675324675325,
    "mean_spearman_ic": -0.046515151515151516,
    "icir": -0.14862393937430746,
    "mean_n_assets": 6.245454545454545,
    "n_periods": 110
  }
}