{
  "params": {
    "pred_dir": "previsoes/financeiro_predlen_loss/retornos/AttentionSoloChannelIndependent/lookback_104/pred_len_5/_backtest_janelas_only",
    "price_path": "data/b3_daily_financeiro.csv",
    "model_output": "returns",
    "rebalance_k": 1,
    "max_assets": 9,
    "horizon": 1,
    "only_positive_pred": true,
    "returns_mode": "step",
    "annual_rf": 0.043
  },
  "metrics": {
    "total_return": 0.46498406707129103,
    "annual_return": 0.18567157717840033,
    "annual_vol": 0.19346336772833506,
    "sharpe": 0.7374604239224373,
    "max_drawdown": -0.18445760556309154,
    "mean_precision_positive": 0.5060092709650231,
    "mean_spearman_ic": -0.006920962452988117,
    "icir": -0.024060618874955354,
    "mean_n_assets": 3.690265486725664,
    "n_periods": 565
  }
}