{
  "params": {
    "pred_dir": "previsoes/predlen_loss_todos_ativos/log_retornos/AttentionSoloChannelIndependent/lookback_32/pred_len_20/_backtest_janelas_only",
    "price_path": "data/b3_daily_tfb.csv",
    "model_output": "log_returns",
    "rebalance_k": 15,
    "max_assets": 9,
    "horizon": 15,
    "only_positive_pred": true,
    "returns_mode": "step",
    "annual_rf": 0.043
  },
  "metrics": {
    "total_return": 0.08203006443171934,
    "annual_return": 0.036445584395778274,
    "annual_vol": 0.13833988336724407,
    "sharpe": -0.047379074238641926,
    "max_drawdown": -0.09161866305387734,
    "mean_precision_positive": 0.5105105105105106,
    "mean_spearman_ic": 0.0029947285245653667,
    "icir": 0.013591470573900215,
    "mean_n_assets": 9.0,
    "n_periods": 37
  }
}