{
  "params": {
    "pred_dir": "previsoes/predlen_loss_todos_ativos/retornos/TransformerShrINSpec/lookback_104/pred_len_24/_backtest_janelas_only",
    "price_path": "data/b3_daily_tfb.csv",
    "model_output": "returns",
    "rebalance_k": 10,
    "max_assets": 9,
    "horizon": 10,
    "only_positive_pred": true,
    "returns_mode": "step",
    "annual_rf": 0.043
  },
  "metrics": {
    "total_return": 0.9098874799954804,
    "annual_return": 0.3450940647895593,
    "annual_vol": 0.17888220408201655,
    "sharpe": 1.6887876932187775,
    "max_drawdown": -0.10339481554705121,
    "mean_precision_positive": 0.5696969696969697,
    "mean_spearman_ic": 0.027681413177472237,
    "icir": 0.2031683567026097,
    "mean_n_assets": 9.0,
    "n_periods": 55
  }
}