{
  "params": {
    "pred_dir": "previsoes/predlen_loss_todos_ativos/retornos/TransformerShrINSpec/lookback_246/pred_len_10/_backtest_janelas_only",
    "price_path": "data/b3_daily_tfb.csv",
    "model_output": "returns",
    "rebalance_k": 1,
    "max_assets": 9,
    "horizon": 1,
    "only_positive_pred": true,
    "returns_mode": "step",
    "annual_rf": 0.043
  },
  "metrics": {
    "total_return": -0.0010945188016880936,
    "annual_return": -0.0004926817936148353,
    "annual_vol": 0.17705167275389497,
    "sharpe": -0.24564965197516347,
    "max_drawdown": -0.20215059618227516,
    "mean_precision_positive": 0.49067460317460315,
    "mean_spearman_ic": -0.001120407204728357,
    "icir": -0.008309696388704574,
    "mean_n_assets": 9.0,
    "n_periods": 560
  }
}