{
  "params": {
    "pred_dir": "previsoes/predlen_loss_todos_ativos/retornos/TransformerShrINSpec/lookback_104/pred_len_24/_backtest_janelas_only",
    "price_path": "data/b3_daily_tfb.csv",
    "model_output": "returns",
    "rebalance_k": 5,
    "max_assets": 9,
    "horizon": 5,
    "only_positive_pred": true,
    "returns_mode": "step",
    "annual_rf": 0.043
  },
  "metrics": {
    "total_return": 0.37535120495634855,
    "annual_return": 0.15722711361307495,
    "annual_vol": 0.17459066741338372,
    "sharpe": 0.6542566982839689,
    "max_drawdown": -0.10966267331643531,
    "mean_precision_positive": 0.5121212121212122,
    "mean_spearman_ic": 0.01433062725614472,
    "icir": 0.08770020160950437,
    "mean_n_assets": 9.0,
    "n_periods": 110
  }
}