{
  "params": {
    "pred_dir": "previsoes/predlen_loss_todos_ativos/log_retornos/TransformerSpecific/lookback_32/pred_len_15/_backtest_janelas_only",
    "price_path": "data/b3_daily_tfb.csv",
    "model_output": "log_returns",
    "rebalance_k": 15,
    "max_assets": 9,
    "horizon": 15,
    "only_positive_pred": true,
    "returns_mode": "step",
    "annual_rf": 0.043
  },
  "metrics": {
    "total_return": 0.24185395653212294,
    "annual_return": 0.10334950214473526,
    "annual_vol": 0.19333176430714413,
    "sharpe": 0.3121551306429845,
    "max_drawdown": -0.12873134367705075,
    "mean_precision_positive": 0.48948948948948956,
    "mean_spearman_ic": 0.013142616147148125,
    "icir": 0.06147760537257874,
    "mean_n_assets": 9.0,
    "n_periods": 37
  }
}