{
  "params": {
    "pred_dir": "previsoes/predlen_loss_todos_ativos/retornos_simples/AttentionSoloChannelIndependent/lookback_246/pred_len_15/_backtest_janelas_only",
    "price_path": "data/b3_daily_tfb.csv",
    "model_output": "returns",
    "rebalance_k": 15,
    "max_assets": 9,
    "horizon": 15,
    "only_positive_pred": true,
    "returns_mode": "step",
    "annual_rf": 0.043
  },
  "metrics": {
    "total_return": 0.07757134688027523,
    "annual_return": 0.03450418910071762,
    "annual_vol": 0.23607135533892717,
    "sharpe": -0.03598831754528184,
    "max_drawdown": -0.18861753380853885,
    "mean_precision_positive": 0.48348348348348347,
    "mean_spearman_ic": 0.0017240694291206793,
    "icir": 0.008878517848507857,
    "mean_n_assets": 9.0,
    "n_periods": 37
  }
}