{
  "params": {
    "pred_dir": "previsoes/predlen_loss_todos_ativos/retornos/TransformerShrINSpec/lookback_246/pred_len_24/_backtest_janelas_only",
    "price_path": "data/b3_daily_tfb.csv",
    "model_output": "returns",
    "rebalance_k": 15,
    "max_assets": 9,
    "horizon": 15,
    "only_positive_pred": true,
    "returns_mode": "step",
    "annual_rf": 0.043
  },
  "metrics": {
    "total_return": 0.44094580624868795,
    "annual_return": 0.18041469515069508,
    "annual_vol": 0.22570459795424633,
    "sharpe": 0.608825413377494,
    "max_drawdown": -0.1803616706946205,
    "mean_precision_positive": 0.5525525525525526,
    "mean_spearman_ic": 0.0033889671998308907,
    "icir": 0.030531788495296135,
    "mean_n_assets": 9.0,
    "n_periods": 37
  }
}