{
  "params": {
    "pred_dir": "previsoes/predlen_loss_todos_ativos/retornos/TransformerShrINSpec/lookback_246/pred_len_10/_backtest_janelas_only",
    "price_path": "data/b3_daily_tfb.csv",
    "model_output": "returns",
    "rebalance_k": 10,
    "max_assets": 9,
    "horizon": 10,
    "only_positive_pred": true,
    "returns_mode": "step",
    "annual_rf": 0.043
  },
  "metrics": {
    "total_return": -0.024203464325600388,
    "annual_return": -0.010964973422807223,
    "annual_vol": 0.22695633580668367,
    "sharpe": -0.23777689761775753,
    "max_drawdown": -0.18323516248928184,
    "mean_precision_positive": 0.4781746031746032,
    "mean_spearman_ic": -0.028581361758914358,
    "icir": -0.1348282688287275,
    "mean_n_assets": 9.0,
    "n_periods": 56
  }
}