{
  "params": {
    "pred_dir": "previsoes/tfb/financeiro/lookback_32/Nonstationary_Transformer",
    "price_path": "data/b3_daily_financeiro.csv",
    "model_output": "returns",
    "rebalance_k": 1,
    "max_assets": 9,
    "horizon": 5,
    "only_positive_pred": true,
    "returns_mode": "step",
    "annual_rf": 0.043
  },
  "metrics": {
    "total_return": 0.43539414710188495,
    "annual_return": 0.18117918816980993,
    "annual_vol": 0.17099935869320187,
    "sharpe": 0.8080684584187467,
    "max_drawdown": -0.17189317534506254,
    "mean_precision_positive": 0.5047735120861263,
    "mean_spearman_ic": 0.00856880673199195,
    "icir": 0.021720887797134485,
    "mean_n_assets": 9.0,
    "n_periods": 547
  }
}