{
  "params": {
    "pred_dir": "previsoes/predlen_loss_todos_ativos/retornos/TransformerSpecific/lookback_246/pred_len_24/_backtest_janelas_only",
    "price_path": "data/b3_daily_tfb.csv",
    "model_output": "returns",
    "rebalance_k": 10,
    "max_assets": 9,
    "horizon": 10,
    "only_positive_pred": true,
    "returns_mode": "step",
    "annual_rf": 0.043
  },
  "metrics": {
    "total_return": 0.04626556684861027,
    "annual_return": 0.020938487990194377,
    "annual_vol": 0.19628364468085183,
    "sharpe": -0.11239607887695699,
    "max_drawdown": -0.15113381807378945,
    "mean_precision_positive": 0.4969696969696969,
    "mean_spearman_ic": 0.0026699787732564722,
    "icir": 0.019980144316818136,
    "mean_n_assets": 9.0,
    "n_periods": 55
  }
}