{
  "params": {
    "pred_dir": "previsoes/predlen_loss_todos_ativos/retornos/AttentionSoloChannelIndependentShrINSpec/lookback_104/pred_len_5/_backtest_janelas_only",
    "price_path": "data/b3_daily_tfb.csv",
    "model_output": "returns",
    "rebalance_k": 1,
    "max_assets": 9,
    "horizon": 1,
    "only_positive_pred": true,
    "returns_mode": "step",
    "annual_rf": 0.043
  },
  "metrics": {
    "total_return": -0.044090505429264515,
    "annual_return": -0.019910954350172316,
    "annual_vol": 0.2223201087026923,
    "sharpe": -0.2829746473104817,
    "max_drawdown": -0.32081425325350366,
    "mean_precision_positive": 0.47531956735496556,
    "mean_spearman_ic": -0.014130322776823035,
    "icir": -0.08439660595525957,
    "mean_n_assets": 8.998230088495575,
    "n_periods": 565
  }
}