{
  "params": {
    "pred_dir": "previsoes/predlen_loss_todos_ativos/retornos/TransformerShrINSpec/lookback_246/pred_len_24/_backtest_janelas_only",
    "price_path": "data/b3_daily_tfb.csv",
    "model_output": "returns",
    "rebalance_k": 20,
    "max_assets": 9,
    "horizon": 20,
    "only_positive_pred": true,
    "returns_mode": "step",
    "annual_rf": 0.043
  },
  "metrics": {
    "total_return": 0.34818139042737184,
    "annual_return": 0.14389654334708668,
    "annual_vol": 0.15515256942014488,
    "sharpe": 0.6503053331579977,
    "max_drawdown": -0.10780317663574723,
    "mean_precision_positive": 0.5476190476190477,
    "mean_spearman_ic": 0.02104312925317107,
    "icir": 0.1541853857891427,
    "mean_n_assets": 9.0,
    "n_periods": 28
  }
}