{
  "params": {
    "pred_dir": "previsoes/predlen_loss_todos_ativos/retornos_simples/TransformerShrINSpec/lookback_246/pred_len_24/_backtest_janelas_only",
    "price_path": "data/b3_daily_tfb.csv",
    "model_output": "returns",
    "rebalance_k": 20,
    "max_assets": 9,
    "horizon": 20,
    "only_positive_pred": true,
    "returns_mode": "step",
    "annual_rf": 0.043
  },
  "metrics": {
    "total_return": 0.2831297112546063,
    "annual_return": 0.11872090237626431,
    "annual_vol": 0.20428296273730984,
    "sharpe": 0.37066675243806224,
    "max_drawdown": -0.12344846410319599,
    "mean_precision_positive": 0.5515873015873016,
    "mean_spearman_ic": 0.016920393039796016,
    "icir": 0.08347056469086898,
    "mean_n_assets": 9.0,
    "n_periods": 28
  }
}