{
  "params": {
    "pred_dir": "previsoes/tfb_multi_lb_predlen_carteiras/retornos_simples/TimesNet/lookback_32/pred_len_15/_backtest_janelas_only",
    "price_path": "data/b3_daily_tfb.csv",
    "model_output": "returns",
    "rebalance_k": 1,
    "max_assets": 9,
    "horizon": 1,
    "only_positive_pred": true,
    "returns_mode": "step",
    "annual_rf": 0.043
  },
  "metrics": {
    "total_return": 0.23784054102871255,
    "annual_return": 0.1015370513910292,
    "annual_vol": 0.2524486884444869,
    "sharpe": 0.2318770271761638,
    "max_drawdown": -0.2092841376264758,
    "mean_precision_positive": 0.47941646682653877,
    "mean_spearman_ic": 5.677012631021184e-05,
    "icir": 0.00031992100357428456,
    "mean_n_assets": 9.0,
    "n_periods": 556
  }
}