{
  "params": {
    "pred_dir": "previsoes/predlen_loss_todos_ativos/retornos_simples/TransformerSpecific/lookback_246/pred_len_10/_backtest_janelas_only",
    "price_path": "data/b3_daily_tfb.csv",
    "model_output": "returns",
    "rebalance_k": 1,
    "max_assets": 9,
    "horizon": 1,
    "only_positive_pred": true,
    "returns_mode": "step",
    "annual_rf": 0.043
  },
  "metrics": {
    "total_return": 0.02128197655278674,
    "annual_return": 0.009521448348108974,
    "annual_vol": 0.194689348654171,
    "sharpe": -0.17195882508888233,
    "max_drawdown": -0.1954661423842856,
    "mean_precision_positive": 0.4847222222222222,
    "mean_spearman_ic": -0.00033229688452650856,
    "icir": -0.0018983281068815582,
    "mean_n_assets": 9.0,
    "n_periods": 560
  }
}