{
  "params": {
    "pred_dir": "previsoes/predlen_loss_todos_ativos/retornos_simples/TransformerSpecific/lookback_246/pred_len_24/_backtest_janelas_only",
    "price_path": "data/b3_daily_tfb.csv",
    "model_output": "returns",
    "rebalance_k": 1,
    "max_assets": 9,
    "horizon": 1,
    "only_positive_pred": true,
    "returns_mode": "step",
    "annual_rf": 0.043
  },
  "metrics": {
    "total_return": 0.05199064786590313,
    "annual_return": 0.02366847463767363,
    "annual_vol": 0.1892962875070363,
    "sharpe": -0.10212310878842669,
    "max_drawdown": -0.20416366624537796,
    "mean_precision_positive": 0.47985347985347987,
    "mean_spearman_ic": -0.0009579282216572154,
    "icir": -0.006470773794034846,
    "mean_n_assets": 9.0,
    "n_periods": 546
  }
}