{
  "params": {
    "pred_dir": "previsoes/predlen_loss_todos_ativos/log_retornos/TransformerSpecific/lookback_246/pred_len_10/_backtest_janelas_only",
    "price_path": "data/b3_daily_tfb.csv",
    "model_output": "log_returns",
    "rebalance_k": 1,
    "max_assets": 9,
    "horizon": 1,
    "only_positive_pred": true,
    "returns_mode": "step",
    "annual_rf": 0.043
  },
  "metrics": {
    "total_return": 0.08857466124247626,
    "annual_return": 0.03892979039998412,
    "annual_vol": 0.18916041827179725,
    "sharpe": -0.021517237259263983,
    "max_drawdown": -0.17954283383631775,
    "mean_precision_positive": 0.4823412698412698,
    "mean_spearman_ic": -0.011010499097346409,
    "icir": -0.06853352039434024,
    "mean_n_assets": 9.0,
    "n_periods": 560
  }
}