{
  "params": {
    "pred_dir": "previsoes/financeiro_predlen_loss/retornos/AttentionSoloChannelIndependentShrINSpec/lookback_104/pred_len_15/_backtest_janelas_only",
    "price_path": "data/b3_daily_financeiro.csv",
    "model_output": "returns",
    "rebalance_k": 10,
    "max_assets": 9,
    "horizon": 10,
    "only_positive_pred": true,
    "returns_mode": "step",
    "annual_rf": 0.043
  },
  "metrics": {
    "total_return": 0.39469859404398844,
    "annual_return": 0.16149184096948854,
    "annual_vol": 0.20126456274329663,
    "sharpe": 0.5887367321619318,
    "max_drawdown": -0.18630112903774554,
    "mean_precision_positive": 0.5274234693877551,
    "mean_spearman_ic": -0.03928571428571427,
    "icir": -0.1089698537587621,
    "mean_n_assets": 4.589285714285714,
    "n_periods": 56
  }
}