{
  "params": {
    "pred_dir": "previsoes/tfb_predlen24_lb32_carteiras/retornos_simples/DUET/lookback_32/pred_len_24/_backtest_janelas_only",
    "price_path": "data/b3_daily_tfb.csv",
    "model_output": "returns",
    "rebalance_k": 24,
    "max_assets": 9,
    "horizon": 24,
    "only_positive_pred": true,
    "returns_mode": "step",
    "annual_rf": 0.043
  },
  "metrics": {
    "total_return": 0.5527077929852113,
    "annual_return": 0.2224655159072746,
    "annual_vol": 0.21058464251436257,
    "sharpe": 0.8522250899423232,
    "max_drawdown": -0.14472299351862472,
    "mean_precision_positive": 0.5169082125603864,
    "mean_spearman_ic": 0.012575641761967798,
    "icir": 0.05464921816843805,
    "mean_n_assets": 9.0,
    "n_periods": 23
  }
}