{
  "params": {
    "pred_dir": "previsoes/predlen_loss_todos_ativos/retornos/TransformerShrINSpec/lookback_32/pred_len_24/_backtest_janelas_only",
    "price_path": "data/b3_daily_tfb.csv",
    "model_output": "returns",
    "rebalance_k": 1,
    "max_assets": 9,
    "horizon": 1,
    "only_positive_pred": true,
    "returns_mode": "step",
    "annual_rf": 0.043
  },
  "metrics": {
    "total_return": 0.6178451896605379,
    "annual_return": 0.24862620133831403,
    "annual_vol": 0.17257197980277955,
    "sharpe": 1.191538751385421,
    "max_drawdown": -0.15548825426736101,
    "mean_precision_positive": 0.48555148555148553,
    "mean_spearman_ic": 0.012303489214847137,
    "icir": 0.09447302195316726,
    "mean_n_assets": 9.0,
    "n_periods": 546
  }
}