{
  "params": {
    "pred_dir": "previsoes/financeiro_predlen_loss/retornos/AttentionSoloChannelIndependentSharedSpecific/lookback_104/pred_len_10/_backtest_janelas_only",
    "price_path": "data/b3_daily_financeiro.csv",
    "model_output": "returns",
    "rebalance_k": 10,
    "max_assets": 9,
    "horizon": 10,
    "only_positive_pred": true,
    "returns_mode": "step",
    "annual_rf": 0.043
  },
  "metrics": {
    "total_return": 0.5813717473352356,
    "annual_return": 0.2290379381164469,
    "annual_vol": 0.17667307777286984,
    "sharpe": 1.0530067198784894,
    "max_drawdown": -0.08924052483317857,
    "mean_precision_positive": 0.5720238095238095,
    "mean_spearman_ic": 0.038988095238095245,
    "icir": 0.15065508201033329,
    "mean_n_assets": 3.982142857142857,
    "n_periods": 56
  }
}