{
  "params": {
    "pred_dir": "previsoes/predlen_loss_todos_ativos/retornos/TransformerShrINSpec/lookback_246/pred_len_5/_backtest_janelas_only",
    "price_path": "data/b3_daily_tfb.csv",
    "model_output": "returns",
    "rebalance_k": 5,
    "max_assets": 9,
    "horizon": 5,
    "only_positive_pred": true,
    "returns_mode": "step",
    "annual_rf": 0.043
  },
  "metrics": {
    "total_return": 0.32507531502191234,
    "annual_return": 0.1337608464338751,
    "annual_vol": 0.18407789499956542,
    "sharpe": 0.49305673793200083,
    "max_drawdown": -0.13605345785748613,
    "mean_precision_positive": 0.5014749262536873,
    "mean_spearman_ic": -0.0026546479525830515,
    "icir": -0.015779212111946588,
    "mean_n_assets": 9.0,
    "n_periods": 113
  }
}