{
  "params": {
    "pred_dir": "previsoes/financeiro_predlen_loss/retornos/TransformerSpecific/lookback_32/pred_len_10/_backtest_janelas_only",
    "price_path": "data/b3_daily_financeiro.csv",
    "model_output": "returns",
    "rebalance_k": 1,
    "max_assets": 9,
    "horizon": 1,
    "only_positive_pred": true,
    "returns_mode": "step",
    "annual_rf": 0.043
  },
  "metrics": {
    "total_return": 0.5585618646815094,
    "annual_return": 0.22102855509802732,
    "annual_vol": 0.18255876373732718,
    "sharpe": 0.9751849292438347,
    "max_drawdown": -0.17183849848479504,
    "mean_precision_positive": 0.5097363945578232,
    "mean_spearman_ic": 0.00495142072126965,
    "icir": 0.019091691541869227,
    "mean_n_assets": 6.042857142857143,
    "n_periods": 560
  }
}