{
  "params": {
    "pred_dir": "previsoes/financeiro_predlen_loss/retornos/AttentionSoloChannelIndependentSharedSpecific/lookback_104/pred_len_15/_backtest_janelas_only",
    "price_path": "data/b3_daily_financeiro.csv",
    "model_output": "returns",
    "rebalance_k": 15,
    "max_assets": 9,
    "horizon": 15,
    "only_positive_pred": true,
    "returns_mode": "step",
    "annual_rf": 0.043
  },
  "metrics": {
    "total_return": 0.5229365962433528,
    "annual_return": 0.21045158180447632,
    "annual_vol": 0.17782119184662015,
    "sharpe": 0.9416851842322138,
    "max_drawdown": -0.11056314569730397,
    "mean_precision_positive": 0.5459459459459459,
    "mean_spearman_ic": -0.030180180180180195,
    "icir": -0.09012319853850331,
    "mean_n_assets": 5.4324324324324325,
    "n_periods": 37
  }
}