{
  "params": {
    "pred_dir": "previsoes/financeiro_predlen_loss/retornos/TransformerShrINSpec/lookback_32/pred_len_15/_backtest_janelas_only",
    "price_path": "data/b3_daily_financeiro.csv",
    "model_output": "returns",
    "rebalance_k": 15,
    "max_assets": 9,
    "horizon": 15,
    "only_positive_pred": true,
    "returns_mode": "step",
    "annual_rf": 0.043
  },
  "metrics": {
    "total_return": 0.5707866800806485,
    "annual_return": 0.22757437513413215,
    "annual_vol": 0.23300223491699598,
    "sharpe": 0.7921571018401793,
    "max_drawdown": -0.14706396359174245,
    "mean_precision_positive": 0.5405405405405406,
    "mean_spearman_ic": -0.041891891891891894,
    "icir": -0.10111915209346421,
    "mean_n_assets": 5.5675675675675675,
    "n_periods": 37
  }
}