{
  "params": {
    "pred_dir": "previsoes/predlen_loss_todos_ativos/retornos_simples/TransformerSpecific/lookback_246/pred_len_24/_backtest_janelas_only",
    "price_path": "data/b3_daily_tfb.csv",
    "model_output": "returns",
    "rebalance_k": 15,
    "max_assets": 9,
    "horizon": 15,
    "only_positive_pred": true,
    "returns_mode": "step",
    "annual_rf": 0.043
  },
  "metrics": {
    "total_return": 0.12600719261595383,
    "annual_return": 0.05536448381024428,
    "annual_vol": 0.23481202804669674,
    "sharpe": 0.05265694399515759,
    "max_drawdown": -0.21218379153007616,
    "mean_precision_positive": 0.4924924924924925,
    "mean_spearman_ic": -0.023638574595470193,
    "icir": -0.10543036598647704,
    "mean_n_assets": 9.0,
    "n_periods": 37
  }
}