{
  "params": {
    "pred_dir": "previsoes/predlen_loss_todos_ativos/retornos/TransformerShrINSpec/lookback_104/pred_len_15/_backtest_janelas_only",
    "price_path": "data/b3_daily_tfb.csv",
    "model_output": "returns",
    "rebalance_k": 15,
    "max_assets": 9,
    "horizon": 15,
    "only_positive_pred": true,
    "returns_mode": "step",
    "annual_rf": 0.043
  },
  "metrics": {
    "total_return": 0.5628827278372364,
    "annual_return": 0.22476583820881624,
    "annual_vol": 0.1553189848363805,
    "sharpe": 1.1702744413395179,
    "max_drawdown": -0.08025075500869217,
    "mean_precision_positive": 0.5435435435435436,
    "mean_spearman_ic": 0.02189640563883525,
    "icir": 0.12823962843535838,
    "mean_n_assets": 9.0,
    "n_periods": 37
  }
}