{
  "params": {
    "pred_dir": "previsoes/tfb_multi_lb_predlen_carteiras/log_retornos/FEDformer/lookback_32/pred_len_5/_backtest_janelas_only",
    "price_path": "data/b3_daily_tfb.csv",
    "model_output": "log_returns",
    "rebalance_k": 1,
    "max_assets": 9,
    "horizon": 1,
    "only_positive_pred": true,
    "returns_mode": "step",
    "annual_rf": 0.043
  },
  "metrics": {
    "total_return": 0.12348380231842415,
    "annual_return": 0.05320726730011782,
    "annual_vol": 0.2125253618695333,
    "sharpe": 0.04802846686309346,
    "max_drawdown": -0.21059613916263298,
    "mean_precision_positive": 0.48331370239497445,
    "mean_spearman_ic": -0.0035061505703930904,
    "icir": -0.024250184031509168,
    "mean_n_assets": 9.0,
    "n_periods": 566
  }
}