{
  "params": {
    "pred_dir": "previsoes/predlen_loss_todos_ativos/log_retornos/TransformerShrINSpec/lookback_246/pred_len_24/_backtest_janelas_only",
    "price_path": "data/b3_daily_tfb.csv",
    "model_output": "log_returns",
    "rebalance_k": 24,
    "max_assets": 9,
    "horizon": 24,
    "only_positive_pred": true,
    "returns_mode": "step",
    "annual_rf": 0.043
  },
  "metrics": {
    "total_return": -0.09816738665219127,
    "annual_return": -0.046075474608997524,
    "annual_vol": 0.20775475632809381,
    "sharpe": -0.42875299792571925,
    "max_drawdown": -0.24234629304671917,
    "mean_precision_positive": 0.42995169082125606,
    "mean_spearman_ic": -0.04234558433130789,
    "icir": -0.21494418423604858,
    "mean_n_assets": 9.0,
    "n_periods": 23
  }
}