{
  "params": {
    "pred_dir": "previsoes/financeiro_predlen_loss/retornos/AttentionSoloChannelIndependentSharedSpecific/lookback_246/pred_len_5/_backtest_janelas_only",
    "price_path": "data/b3_daily_financeiro.csv",
    "model_output": "returns",
    "rebalance_k": 5,
    "max_assets": 9,
    "horizon": 5,
    "only_positive_pred": true,
    "returns_mode": "step",
    "annual_rf": 0.043
  },
  "metrics": {
    "total_return": 0.5599771351726821,
    "annual_return": 0.2193661926447612,
    "annual_vol": 0.24689089846685477,
    "sharpe": 0.7143487011467881,
    "max_drawdown": -0.19624923488053636,
    "mean_precision_positive": 0.5154867256637168,
    "mean_spearman_ic": 0.011651917404129795,
    "icir": 0.03677017789637164,
    "mean_n_assets": 3.247787610619469,
    "n_periods": 113
  }
}