{
  "params": {
    "pred_dir": "previsoes/financeiro_predlen_loss/retornos/TransformerShrINSpec/lookback_246/pred_len_10/_backtest_janelas_only",
    "price_path": "data/b3_daily_financeiro.csv",
    "model_output": "returns",
    "rebalance_k": 5,
    "max_assets": 9,
    "horizon": 5,
    "only_positive_pred": true,
    "returns_mode": "step",
    "annual_rf": 0.043
  },
  "metrics": {
    "total_return": 0.34412262455616016,
    "annual_return": 0.14234556799132903,
    "annual_vol": 0.27695441296394907,
    "sharpe": 0.358707293839946,
    "max_drawdown": -0.2784399022809836,
    "mean_precision_positive": 0.494047619047619,
    "mean_spearman_ic": -0.054613095238095245,
    "icir": -0.18377275229924517,
    "mean_n_assets": 2.2410714285714284,
    "n_periods": 112
  }
}