{
  "params": {
    "pred_dir": "previsoes/predlen_loss_todos_ativos/log_retornos/TransformerSpecific/lookback_104/pred_len_10/_backtest_janelas_only",
    "price_path": "data/b3_daily_tfb.csv",
    "model_output": "log_returns",
    "rebalance_k": 10,
    "max_assets": 9,
    "horizon": 10,
    "only_positive_pred": true,
    "returns_mode": "step",
    "annual_rf": 0.043
  },
  "metrics": {
    "total_return": 0.08875569753920387,
    "annual_return": 0.039007537874115705,
    "annual_vol": 0.21204335344798272,
    "sharpe": -0.018828518135390174,
    "max_drawdown": -0.18947602667342833,
    "mean_precision_positive": 0.5059523809523809,
    "mean_spearman_ic": 0.021180165661835563,
    "icir": 0.0899795839242058,
    "mean_n_assets": 9.0,
    "n_periods": 56
  }
}