{
  "params": {
    "pred_dir": "previsoes/predlen_loss_todos_ativos/retornos/TransformerSpecific/lookback_104/pred_len_10/_backtest_janelas_only",
    "price_path": "data/b3_daily_tfb.csv",
    "model_output": "returns",
    "rebalance_k": 10,
    "max_assets": 9,
    "horizon": 10,
    "only_positive_pred": true,
    "returns_mode": "step",
    "annual_rf": 0.043
  },
  "metrics": {
    "total_return": 0.09435413315271535,
    "annual_return": 0.041408329862304694,
    "annual_vol": 0.21184706028081038,
    "sharpe": -0.00751329820477797,
    "max_drawdown": -0.24141767200873088,
    "mean_precision_positive": 0.4861111111111111,
    "mean_spearman_ic": -0.024235163585563935,
    "icir": -0.13234911746029038,
    "mean_n_assets": 9.0,
    "n_periods": 56
  }
}