{
  "params": {
    "pred_dir": "previsoes/predlen_loss_todos_ativos/retornos_simples/TransformerShrINSpec/lookback_246/pred_len_15/_backtest_janelas_only",
    "price_path": "data/b3_daily_tfb.csv",
    "model_output": "returns",
    "rebalance_k": 1,
    "max_assets": 9,
    "horizon": 1,
    "only_positive_pred": true,
    "returns_mode": "step",
    "annual_rf": 0.043
  },
  "metrics": {
    "total_return": 0.16526182974801218,
    "annual_return": 0.07191381645966333,
    "annual_vol": 0.23138127520957727,
    "sharpe": 0.12496178194831964,
    "max_drawdown": -0.2278471719067704,
    "mean_precision_positive": 0.47847847847847846,
    "mean_spearman_ic": 0.0030682508865218553,
    "icir": 0.021638746813982153,
    "mean_n_assets": 9.0,
    "n_periods": 555
  }
}