{
  "params": {
    "pred_dir": "previsoes/predlen_loss_todos_ativos/retornos_simples/TransformerSpecific/lookback_104/pred_len_15/_backtest_janelas_only",
    "price_path": "data/b3_daily_tfb.csv",
    "model_output": "returns",
    "rebalance_k": 1,
    "max_assets": 9,
    "horizon": 1,
    "only_positive_pred": true,
    "returns_mode": "step",
    "annual_rf": 0.043
  },
  "metrics": {
    "total_return": 0.10110924609131966,
    "annual_return": 0.04470402271844698,
    "annual_vol": 0.21608430399509637,
    "sharpe": 0.007885916223168397,
    "max_drawdown": -0.21055096579181654,
    "mean_precision_positive": 0.4780780780780782,
    "mean_spearman_ic": -0.0005624983972170163,
    "icir": -0.003186906550356543,
    "mean_n_assets": 9.0,
    "n_periods": 555
  }
}