{
  "params": {
    "pred_dir": "previsoes/predlen_loss_todos_ativos/retornos/TransformerShrINSpec/lookback_104/pred_len_10/_backtest_janelas_only",
    "price_path": "data/b3_daily_tfb.csv",
    "model_output": "returns",
    "rebalance_k": 10,
    "max_assets": 9,
    "horizon": 10,
    "only_positive_pred": true,
    "returns_mode": "step",
    "annual_rf": 0.043
  },
  "metrics": {
    "total_return": 0.36478666630218437,
    "annual_return": 0.15021531766295215,
    "annual_vol": 0.1916128125778285,
    "sharpe": 0.5595414848336611,
    "max_drawdown": -0.15397192424868145,
    "mean_precision_positive": 0.5238095238095238,
    "mean_spearman_ic": 0.013971276628248843,
    "icir": 0.07545769867888538,
    "mean_n_assets": 9.0,
    "n_periods": 56
  }
}