{
  "params": {
    "pred_dir": "previsoes/financeiro/retornos/TransformerSpecific/lookback_246/pred_len_20/_backtest_janelas_only",
    "price_path": "data/b3_daily_financeiro.csv",
    "model_output": "returns",
    "rebalance_k": 1,
    "max_assets": 9,
    "horizon": 1,
    "only_positive_pred": true,
    "returns_mode": "step",
    "annual_rf": 0.043
  },
  "metrics": {
    "total_return": 0.652071017569964,
    "annual_return": 0.2586262693609864,
    "annual_vol": 0.1637803605552519,
    "sharpe": 1.316557544689518,
    "max_drawdown": -0.12639130713236835,
    "mean_precision_positive": 0.5124242424242423,
    "mean_spearman_ic": 0.037287187335869956,
    "icir": 0.09532001142666129,
    "mean_n_assets": 6.0,
    "n_periods": 550
  }
}