{
  "params": {
    "pred_dir": "previsoes/financeiro_predlen_loss/retornos/AttentionSoloChannelIndependent/lookback_32/pred_len_15/_backtest_janelas_only",
    "price_path": "data/b3_daily_financeiro.csv",
    "model_output": "returns",
    "rebalance_k": 15,
    "max_assets": 9,
    "horizon": 15,
    "only_positive_pred": true,
    "returns_mode": "step",
    "annual_rf": 0.043
  },
  "metrics": {
    "total_return": 0.47579106272967375,
    "annual_return": 0.1932911787431999,
    "annual_vol": 0.23919384157841744,
    "sharpe": 0.6283237802087324,
    "max_drawdown": -0.18870879640655835,
    "mean_precision_positive": 0.5351351351351351,
    "mean_spearman_ic": -0.06846846846846845,
    "icir": -0.1558681528793351,
    "mean_n_assets": 5.8108108108108105,
    "n_periods": 37
  }
}