{
  "params": {
    "pred_dir": "previsoes/tfb_multi_lb_predlen_carteiras/retornos_simples/DUET/lookback_32/pred_len_24/_backtest_janelas_only",
    "price_path": "data/b3_daily_tfb.csv",
    "model_output": "returns",
    "rebalance_k": 20,
    "max_assets": 9,
    "horizon": 20,
    "only_positive_pred": true,
    "returns_mode": "step",
    "annual_rf": 0.043
  },
  "metrics": {
    "total_return": 0.17685846801440563,
    "annual_return": 0.07603378273138617,
    "annual_vol": 0.20723759808735517,
    "sharpe": 0.15940052884352438,
    "max_drawdown": -0.17353065103604592,
    "mean_precision_positive": 0.4642857142857143,
    "mean_spearman_ic": -0.011206703744017185,
    "icir": -0.05458124643643814,
    "mean_n_assets": 9.0,
    "n_periods": 28
  }
}