{
  "params": {
    "pred_dir": "previsoes/predlen_loss_todos_ativos/retornos/TransformerShrINSpec/lookback_104/pred_len_24/_backtest_janelas_only",
    "price_path": "data/b3_daily_tfb.csv",
    "model_output": "returns",
    "rebalance_k": 20,
    "max_assets": 9,
    "horizon": 20,
    "only_positive_pred": true,
    "returns_mode": "step",
    "annual_rf": 0.043
  },
  "metrics": {
    "total_return": 0.5539724039483789,
    "annual_return": 0.2194092524500002,
    "annual_vol": 0.14940554069297557,
    "sharpe": 1.1807410329749186,
    "max_drawdown": -0.08716889609998169,
    "mean_precision_positive": 0.5912698412698413,
    "mean_spearman_ic": 0.05385957506005902,
    "icir": 0.28288400154138854,
    "mean_n_assets": 9.0,
    "n_periods": 28
  }
}