{
  "params": {
    "pred_dir": "previsoes/predlen_loss_todos_ativos/retornos/TransformerShrINSpec/lookback_104/pred_len_15/_backtest_janelas_only",
    "price_path": "data/b3_daily_tfb.csv",
    "model_output": "returns",
    "rebalance_k": 10,
    "max_assets": 9,
    "horizon": 10,
    "only_positive_pred": true,
    "returns_mode": "step",
    "annual_rf": 0.043
  },
  "metrics": {
    "total_return": 0.41417379009120836,
    "annual_return": 0.16876245703009007,
    "annual_vol": 0.1591449204315383,
    "sharpe": 0.7902385868746038,
    "max_drawdown": -0.10790853106435805,
    "mean_precision_positive": 0.5297619047619048,
    "mean_spearman_ic": 0.01546853506129152,
    "icir": 0.09455519461476534,
    "mean_n_assets": 9.0,
    "n_periods": 56
  }
}