{
  "params": {
    "pred_dir": "previsoes/tfb_multi_lb_predlen_carteiras/log_retornos/DUET/lookback_32/pred_len_10/_backtest_janelas_only",
    "price_path": "data/b3_daily_tfb.csv",
    "model_output": "log_returns",
    "rebalance_k": 1,
    "max_assets": 9,
    "horizon": 1,
    "only_positive_pred": true,
    "returns_mode": "step",
    "annual_rf": 0.043
  },
  "metrics": {
    "total_return": 0.6022627681670791,
    "annual_return": 0.2358505596013818,
    "annual_vol": 0.23023674256380228,
    "sharpe": 0.837618520197487,
    "max_drawdown": -0.16709172397309557,
    "mean_precision_positive": 0.4895042865631101,
    "mean_spearman_ic": 0.007256203824857333,
    "icir": 0.040381009851732735,
    "mean_n_assets": 8.950089126559714,
    "n_periods": 561
  }
}