{
  "params": {
    "pred_dir": "previsoes/predlen_loss_todos_ativos/retornos/TransformerShrINSpec/lookback_246/pred_len_15/_backtest_janelas_only",
    "price_path": "data/b3_daily_tfb.csv",
    "model_output": "returns",
    "rebalance_k": 5,
    "max_assets": 9,
    "horizon": 5,
    "only_positive_pred": true,
    "returns_mode": "step",
    "annual_rf": 0.043
  },
  "metrics": {
    "total_return": 0.1467679598620224,
    "annual_return": 0.06415555100660697,
    "annual_vol": 0.20787040343964483,
    "sharpe": 0.10177279043358131,
    "max_drawdown": -0.1828895897623931,
    "mean_precision_positive": 0.5075075075075075,
    "mean_spearman_ic": -0.008754621544441631,
    "icir": -0.03913665429422067,
    "mean_n_assets": 9.0,
    "n_periods": 111
  }
}