{
  "params": {
    "pred_dir": "previsoes/predlen_loss_todos_ativos/retornos/TransformerShrINSpec/lookback_246/pred_len_24/_backtest_janelas_only",
    "price_path": "data/b3_daily_tfb.csv",
    "model_output": "returns",
    "rebalance_k": 24,
    "max_assets": 9,
    "horizon": 24,
    "only_positive_pred": true,
    "returns_mode": "step",
    "annual_rf": 0.043
  },
  "metrics": {
    "total_return": 0.5753043202918668,
    "annual_return": 0.23055539382843637,
    "annual_vol": 0.19433714940458685,
    "sharpe": 0.9651031437019195,
    "max_drawdown": -0.08145749310562211,
    "mean_precision_positive": 0.536231884057971,
    "mean_spearman_ic": 0.000892164292553653,
    "icir": 0.007351876822699632,
    "mean_n_assets": 9.0,
    "n_periods": 23
  }
}