{
  "params": {
    "pred_dir": "previsoes/financeiro_predlen_loss/retornos/AttentionSoloChannelIndependentShrINSpec/lookback_246/pred_len_15/_backtest_janelas_only",
    "price_path": "data/b3_daily_financeiro.csv",
    "model_output": "returns",
    "rebalance_k": 15,
    "max_assets": 9,
    "horizon": 15,
    "only_positive_pred": true,
    "returns_mode": "step",
    "annual_rf": 0.043
  },
  "metrics": {
    "total_return": 0.7833169277829994,
    "annual_return": 0.3003831502244081,
    "annual_vol": 0.25375279701242304,
    "sharpe": 1.0143066529895524,
    "max_drawdown": -0.17751846209445166,
    "mean_precision_positive": 0.5738738738738739,
    "mean_spearman_ic": 0.042342342342342354,
    "icir": 0.12969714014405986,
    "mean_n_assets": 3.5945945945945947,
    "n_periods": 37
  }
}