{
  "params": {
    "pred_dir": "previsoes/financeiro/retornos/AttentionSoloChannelIndependentSharedSpecific/lookback_104/pred_len_20/_backtest_janelas_only",
    "price_path": "data/b3_daily_financeiro.csv",
    "model_output": "returns",
    "rebalance_k": 5,
    "max_assets": 9,
    "horizon": 5,
    "only_positive_pred": true,
    "returns_mode": "step",
    "annual_rf": 0.043
  },
  "metrics": {
    "total_return": 0.48039041763439605,
    "annual_return": 0.19691499262795786,
    "annual_vol": 0.26151693536788356,
    "sharpe": 0.5885469421375756,
    "max_drawdown": -0.18879317798731088,
    "mean_precision_positive": 0.49696969696969695,
    "mean_spearman_ic": 0.01075757575757576,
    "icir": 0.03183360020140354,
    "mean_n_assets": 2.8636363636363638,
    "n_periods": 110
  }
}