{
  "params": {
    "pred_dir": "previsoes/financeiro/retornos/TransformerSpecific/lookback_246/pred_len_20/_backtest_janelas_only",
    "price_path": "data/b3_daily_financeiro.csv",
    "model_output": "returns",
    "rebalance_k": 5,
    "max_assets": 9,
    "horizon": 5,
    "only_positive_pred": true,
    "returns_mode": "step",
    "annual_rf": 0.043
  },
  "metrics": {
    "total_return": 0.5512205293986996,
    "annual_return": 0.2228217391233529,
    "annual_vol": 0.18816441722150765,
    "sharpe": 0.9556628281725885,
    "max_drawdown": -0.15234183697937131,
    "mean_precision_positive": 0.5181818181818183,
    "mean_spearman_ic": 0.03833333333333332,
    "icir": 0.12322295572091362,
    "mean_n_assets": 6.0,
    "n_periods": 110
  }
}