{
  "params": {
    "pred_dir": "previsoes/financeiro_predlen_loss/retornos/AttentionSoloChannelIndependentSharedSpecific/lookback_32/pred_len_15/_backtest_janelas_only",
    "price_path": "data/b3_daily_financeiro.csv",
    "model_output": "returns",
    "rebalance_k": 5,
    "max_assets": 9,
    "horizon": 5,
    "only_positive_pred": true,
    "returns_mode": "step",
    "annual_rf": 0.043
  },
  "metrics": {
    "total_return": 0.5495833617193104,
    "annual_return": 0.22002257474840303,
    "annual_vol": 0.19679611695264745,
    "sharpe": 0.8995227014108096,
    "max_drawdown": -0.1439152352671783,
    "mean_precision_positive": 0.5057057057057057,
    "mean_spearman_ic": -0.025675675675675677,
    "icir": -0.07569053083836726,
    "mean_n_assets": 5.342342342342342,
    "n_periods": 111
  }
}