{
  "params": {
    "pred_dir": "previsoes/financeiro/retornos/AttentionSoloChannelIndependent/lookback_32/pred_len_20/_backtest_janelas_only",
    "price_path": "data/b3_daily_financeiro.csv",
    "model_output": "returns",
    "rebalance_k": 15,
    "max_assets": 9,
    "horizon": 15,
    "only_positive_pred": true,
    "returns_mode": "step",
    "annual_rf": 0.043
  },
  "metrics": {
    "total_return": 0.5573512655457857,
    "annual_return": 0.2227957107103964,
    "annual_vol": 0.30916909973688617,
    "sharpe": 0.5815448919811486,
    "max_drawdown": -0.23821011823731253,
    "mean_precision_positive": 0.5045045045045045,
    "mean_spearman_ic": -0.0527027027027027,
    "icir": -0.15030943476449346,
    "mean_n_assets": 2.5405405405405403,
    "n_periods": 37
  }
}