{
  "params": {
    "pred_dir": "previsoes/financeiro/retornos/TransformerSpecific/lookback_32/pred_len_20/_backtest_janelas_only",
    "price_path": "data/b3_daily_financeiro.csv",
    "model_output": "returns",
    "rebalance_k": 5,
    "max_assets": 9,
    "horizon": 5,
    "only_positive_pred": true,
    "returns_mode": "step",
    "annual_rf": 0.043
  },
  "metrics": {
    "total_return": 0.5681357216337892,
    "annual_return": 0.22891327357197921,
    "annual_vol": 0.1984061499679132,
    "sharpe": 0.9370338248186644,
    "max_drawdown": -0.1417576885279348,
    "mean_precision_positive": 0.5133333333333333,
    "mean_spearman_ic": -0.010000000000000005,
    "icir": -0.032880975135071454,
    "mean_n_assets": 5.818181818181818,
    "n_periods": 110
  }
}