{
  "params": {
    "pred_dir": "previsoes/financeiro/retornos/AttentionSoloChannelIndependent/lookback_246/pred_len_20/_backtest_janelas_only",
    "price_path": "data/b3_daily_financeiro.csv",
    "model_output": "returns",
    "rebalance_k": 15,
    "max_assets": 9,
    "horizon": 15,
    "only_positive_pred": true,
    "returns_mode": "step",
    "annual_rf": 0.043
  },
  "metrics": {
    "total_return": 0.7059392531028665,
    "annual_return": 0.2744535044672296,
    "annual_vol": 0.19653888834942682,
    "sharpe": 1.1776473674549743,
    "max_drawdown": -0.11192797912918262,
    "mean_precision_positive": 0.5725225225225226,
    "mean_spearman_ic": 0.06891891891891892,
    "icir": 0.2521715008120387,
    "mean_n_assets": 5.027027027027027,
    "n_periods": 37
  }
}