{
  "params": {
    "pred_dir": "previsoes/financeiro_predlen_loss/retornos/TransformerShrINSpec/lookback_32/pred_len_10/_backtest_janelas_only",
    "price_path": "data/b3_daily_financeiro.csv",
    "model_output": "returns",
    "rebalance_k": 5,
    "max_assets": 9,
    "horizon": 5,
    "only_positive_pred": true,
    "returns_mode": "step",
    "annual_rf": 0.043
  },
  "metrics": {
    "total_return": 0.4118764635005292,
    "annual_return": 0.1679076799718957,
    "annual_vol": 0.18018882756529137,
    "sharpe": 0.6932043548961738,
    "max_drawdown": -0.14958331086177135,
    "mean_precision_positive": 0.5095238095238095,
    "mean_spearman_ic": -0.08169642857142857,
    "icir": -0.2534106183583753,
    "mean_n_assets": 5.607142857142857,
    "n_periods": 112
  }
}