{
  "params": {
    "pred_dir": "previsoes/predlen_loss_todos_ativos/retornos/TransformerShrINSpec/lookback_246/pred_len_15/_backtest_janelas_only",
    "price_path": "data/b3_daily_tfb.csv",
    "model_output": "returns",
    "rebalance_k": 10,
    "max_assets": 9,
    "horizon": 10,
    "only_positive_pred": true,
    "returns_mode": "step",
    "annual_rf": 0.043
  },
  "metrics": {
    "total_return": 0.5837939519786155,
    "annual_return": 0.22988472053435127,
    "annual_vol": 0.1919167557964944,
    "sharpe": 0.9737801150229999,
    "max_drawdown": -0.14348465331610472,
    "mean_precision_positive": 0.5654761904761905,
    "mean_spearman_ic": 0.026819644226775234,
    "icir": 0.17408186189840308,
    "mean_n_assets": 9.0,
    "n_periods": 56
  }
}