{
  "params": {
    "pred_dir": "previsoes/tfb_multi_lb_predlen_carteiras/log_retornos/DUET/lookback_104/pred_len_1/_backtest_janelas_only",
    "price_path": "data/b3_daily_tfb.csv",
    "model_output": "log_returns",
    "rebalance_k": 1,
    "max_assets": 9,
    "horizon": 1,
    "only_positive_pred": true,
    "returns_mode": "step",
    "annual_rf": 0.043
  },
  "metrics": {
    "total_return": 3.2249945158479623,
    "annual_return": 0.8909543063819645,
    "annual_vol": 0.20026805690837599,
    "sharpe": 4.234096637637571,
    "max_drawdown": -0.1187122374632319,
    "mean_precision_positive": 0.5269388749651907,
    "mean_spearman_ic": 0.06949209325428128,
    "icir": 0.35665144940388777,
    "mean_n_assets": 8.966666666666667,
    "n_periods": 570
  }
}