{
  "params": {
    "pred_dir": "previsoes/predlen_loss_todos_ativos/retornos/TransformerShrINSpec/lookback_104/pred_len_15/_backtest_janelas_only",
    "price_path": "data/b3_daily_tfb.csv",
    "model_output": "returns",
    "rebalance_k": 5,
    "max_assets": 9,
    "horizon": 5,
    "only_positive_pred": true,
    "returns_mode": "step",
    "annual_rf": 0.043
  },
  "metrics": {
    "total_return": 0.3056511030232749,
    "annual_return": 0.12873445563039332,
    "annual_vol": 0.1566242495936353,
    "sharpe": 0.5473894103424792,
    "max_drawdown": -0.10268497485775219,
    "mean_precision_positive": 0.5185185185185185,
    "mean_spearman_ic": 0.019033898340313576,
    "icir": 0.10618219171943073,
    "mean_n_assets": 9.0,
    "n_periods": 111
  }
}