{
  "params": {
    "pred_dir": "previsoes/financeiro/retornos/TransformerShrINSpec/lookback_32/pred_len_20/_backtest_janelas_only",
    "price_path": "data/b3_daily_financeiro.csv",
    "model_output": "returns",
    "rebalance_k": 5,
    "max_assets": 9,
    "horizon": 5,
    "only_positive_pred": true,
    "returns_mode": "step",
    "annual_rf": 0.043
  },
  "metrics": {
    "total_return": 0.7259113921800668,
    "annual_return": 0.284096212963987,
    "annual_vol": 0.19957762959522912,
    "sharpe": 1.208032250172343,
    "max_drawdown": -0.10973104280544566,
    "mean_precision_positive": 0.5193939393939394,
    "mean_spearman_ic": 0.014696969696969693,
    "icir": 0.04395929696405243,
    "mean_n_assets": 4.127272727272727,
    "n_periods": 110
  }
}