{
  "params": {
    "pred_dir": "previsoes/predlen_loss_todos_ativos/retornos_simples/TransformerSpecific/lookback_246/pred_len_15/_backtest_janelas_only",
    "price_path": "data/b3_daily_tfb.csv",
    "model_output": "returns",
    "rebalance_k": 15,
    "max_assets": 9,
    "horizon": 15,
    "only_positive_pred": true,
    "returns_mode": "step",
    "annual_rf": 0.043
  },
  "metrics": {
    "total_return": 0.0855057200409921,
    "annual_return": 0.03795591189976011,
    "annual_vol": 0.2078596350496904,
    "sharpe": -0.024266799559395265,
    "max_drawdown": -0.13686635211505804,
    "mean_precision_positive": 0.49549549549549554,
    "mean_spearman_ic": -0.018103955534257067,
    "icir": -0.09449871446583344,
    "mean_n_assets": 9.0,
    "n_periods": 37
  }
}