{
  "params": {
    "pred_dir": "previsoes/tfb_multi_lb_predlen_carteiras/retornos_simples/FEDformer/lookback_32/pred_len_15/_backtest_janelas_only",
    "price_path": "data/b3_daily_tfb.csv",
    "model_output": "returns",
    "rebalance_k": 15,
    "max_assets": 9,
    "horizon": 15,
    "only_positive_pred": true,
    "returns_mode": "step",
    "annual_rf": 0.043
  },
  "metrics": {
    "total_return": 0.38970683326487676,
    "annual_return": 0.1566104073742527,
    "annual_vol": 0.2174487566158602,
    "sharpe": 0.522469795377833,
    "max_drawdown": -0.19178263717590105,
    "mean_precision_positive": 0.5087719298245613,
    "mean_spearman_ic": 0.0026653629167376256,
    "icir": 0.016653323489623627,
    "mean_n_assets": 9.0,
    "n_periods": 38
  }
}