{
  "params": {
    "pred_dir": "previsoes/predlen_loss_todos_ativos/log_retornos/TransformerShrINSpec/lookback_246/pred_len_5/_backtest_janelas_only",
    "price_path": "data/b3_daily_tfb.csv",
    "model_output": "log_returns",
    "rebalance_k": 1,
    "max_assets": 9,
    "horizon": 1,
    "only_positive_pred": true,
    "returns_mode": "step",
    "annual_rf": 0.043
  },
  "metrics": {
    "total_return": 0.04364637213667644,
    "annual_return": 0.01923688152384795,
    "annual_vol": 0.1945150091048373,
    "sharpe": -0.12216598906948356,
    "max_drawdown": -0.20559302733323226,
    "mean_precision_positive": 0.4875122910521141,
    "mean_spearman_ic": 0.0003141765024640077,
    "icir": 0.0016925437354664457,
    "mean_n_assets": 9.0,
    "n_periods": 565
  }
}