{
  "params": {
    "pred_dir": "previsoes/tfb_multi_lb_predlen_carteiras/retornos_simples/DUET/lookback_104/pred_len_24/_backtest_janelas_only",
    "price_path": "data/b3_daily_tfb.csv",
    "model_output": "returns",
    "rebalance_k": 1,
    "max_assets": 9,
    "horizon": 1,
    "only_positive_pred": true,
    "returns_mode": "step",
    "annual_rf": 0.043
  },
  "metrics": {
    "total_return": 3.0454852874060663,
    "annual_return": 0.9038299275115804,
    "annual_vol": 0.2010747955582353,
    "sharpe": 4.281142870849106,
    "max_drawdown": -0.09735986407254482,
    "mean_precision_positive": 0.5222679260613446,
    "mean_spearman_ic": 0.06520065099817136,
    "icir": 0.33392873308385507,
    "mean_n_assets": 8.985374771480805,
    "n_periods": 547
  }
}