{
  "params": {
    "pred_dir": "previsoes/predlen_loss_todos_ativos/log_retornos/TransformerShrINSpec/lookback_246/pred_len_20/_backtest_janelas_only",
    "price_path": "data/b3_daily_tfb.csv",
    "model_output": "log_returns",
    "rebalance_k": 15,
    "max_assets": 9,
    "horizon": 15,
    "only_positive_pred": true,
    "returns_mode": "step",
    "annual_rf": 0.043
  },
  "metrics": {
    "total_return": -0.004411687827120647,
    "annual_return": -0.0020055625729979987,
    "annual_vol": 0.20475242191782514,
    "sharpe": -0.21980478741814552,
    "max_drawdown": -0.15904644126891132,
    "mean_precision_positive": 0.4744744744744745,
    "mean_spearman_ic": -0.014788812688400788,
    "icir": -0.06820986387118087,
    "mean_n_assets": 9.0,
    "n_periods": 37
  }
}