{
  "params": {
    "pred_dir": "previsoes/predlen_loss_todos_ativos/log_retornos/TransformerShrINSpec/lookback_32/pred_len_15/_backtest_janelas_only",
    "price_path": "data/b3_daily_tfb.csv",
    "model_output": "log_returns",
    "rebalance_k": 1,
    "max_assets": 9,
    "horizon": 1,
    "only_positive_pred": true,
    "returns_mode": "step",
    "annual_rf": 0.043
  },
  "metrics": {
    "total_return": -0.049417488596477877,
    "annual_return": -0.022748853682446835,
    "annual_vol": 0.17437407403127464,
    "sharpe": -0.3770563602858446,
    "max_drawdown": -0.23107084023457525,
    "mean_precision_positive": 0.4864864864864865,
    "mean_spearman_ic": -0.00023224487741918353,
    "icir": -0.0013447117750976809,
    "mean_n_assets": 9.0,
    "n_periods": 555
  }
}