{
  "params": {
    "pred_dir": "previsoes/predlen_loss_todos_ativos/retornos/TransformerSpecific/lookback_246/pred_len_24/_backtest_janelas_only",
    "price_path": "data/b3_daily_tfb.csv",
    "model_output": "returns",
    "rebalance_k": 15,
    "max_assets": 9,
    "horizon": 15,
    "only_positive_pred": true,
    "returns_mode": "step",
    "annual_rf": 0.043
  },
  "metrics": {
    "total_return": 0.31474599755640886,
    "annual_return": 0.132297705179254,
    "annual_vol": 0.15556020638165854,
    "sharpe": 0.5740395134226481,
    "max_drawdown": -0.08631496145260986,
    "mean_precision_positive": 0.5285285285285286,
    "mean_spearman_ic": -0.011174076612012158,
    "icir": -0.05689567119342941,
    "mean_n_assets": 9.0,
    "n_periods": 37
  }
}