{
  "params": {
    "pred_dir": "previsoes/predlen_loss_todos_ativos/retornos_simples/TransformerShrINSpec/lookback_104/pred_len_5/_backtest_janelas_only",
    "price_path": "data/b3_daily_tfb.csv",
    "model_output": "returns",
    "rebalance_k": 1,
    "max_assets": 9,
    "horizon": 1,
    "only_positive_pred": true,
    "returns_mode": "step",
    "annual_rf": 0.043
  },
  "metrics": {
    "total_return": 0.34962932101782584,
    "annual_return": 0.14308354718321925,
    "annual_vol": 0.19823383050034957,
    "sharpe": 0.5048762208277198,
    "max_drawdown": -0.19545605861052018,
    "mean_precision_positive": 0.49046214355948875,
    "mean_spearman_ic": 0.004721324844236979,
    "icir": 0.028916191737923327,
    "mean_n_assets": 9.0,
    "n_periods": 565
  }
}