{
  "params": {
    "pred_dir": "previsoes/b3_daily_return_financeiro/TransformerShrINSpec/RETORNO_CORRIGIDO/lookback_104/epochs_100",
    "price_path": "data/b3_daily_financeiro.csv",
    "model_output": "returns",
    "rebalance_k": 1,
    "max_assets": 9,
    "horizon": 5,
    "only_positive_pred": true,
    "returns_mode": "step",
    "annual_rf": 0.043
  },
  "metrics": {
    "total_return": 0.4696529284872786,
    "annual_return": 0.19447222157090183,
    "annual_vol": 0.1782105929018166,
    "sharpe": 0.8499619416807283,
    "max_drawdown": -0.1660157384859554,
    "mean_precision_positive": 0.49967367288795855,
    "mean_spearman_ic": 0.00014749321438784342,
    "icir": 0.00042292789373565625,
    "mean_n_assets": 4.728937728937729,
    "n_periods": 546
  }
}