{
  "params": {
    "pred_dir": "previsoes/predlen_loss_todos_ativos/log_retornos/TransformerShrINSpec/lookback_246/pred_len_15/_backtest_janelas_only",
    "price_path": "data/b3_daily_tfb.csv",
    "model_output": "log_returns",
    "rebalance_k": 5,
    "max_assets": 9,
    "horizon": 5,
    "only_positive_pred": true,
    "returns_mode": "step",
    "annual_rf": 0.043
  },
  "metrics": {
    "total_return": 0.14243367233132065,
    "annual_return": 0.06232743583194322,
    "annual_vol": 0.18833571588954645,
    "sharpe": 0.10262225484240185,
    "max_drawdown": -0.1514906278280027,
    "mean_precision_positive": 0.49749749749749744,
    "mean_spearman_ic": -0.003886847237162688,
    "icir": -0.018552696762396487,
    "mean_n_assets": 9.0,
    "n_periods": 111
  }
}