{
  "params": {
    "pred_dir": "previsoes/predlen_loss_todos_ativos/log_retornos/TransformerSpecific/lookback_246/pred_len_20/_backtest_janelas_only",
    "price_path": "data/b3_daily_tfb.csv",
    "model_output": "log_returns",
    "rebalance_k": 20,
    "max_assets": 9,
    "horizon": 20,
    "only_positive_pred": true,
    "returns_mode": "step",
    "annual_rf": 0.043
  },
  "metrics": {
    "total_return": -0.16643153977126202,
    "annual_return": -0.07865226351586618,
    "annual_vol": 0.16200719926736667,
    "sharpe": -0.7509065280185407,
    "max_drawdown": -0.20025174442589921,
    "mean_precision_positive": 0.42063492063492064,
    "mean_spearman_ic": -0.006508481269351823,
    "icir": -0.02837215758423461,
    "mean_n_assets": 9.0,
    "n_periods": 28
  }
}