{
  "params": {
    "pred_dir": "previsoes/financeiro/retornos/TransformerShrINSpec/lookback_246/pred_len_20/_backtest_janelas_only",
    "price_path": "data/b3_daily_financeiro.csv",
    "model_output": "returns",
    "rebalance_k": 10,
    "max_assets": 9,
    "horizon": 10,
    "only_positive_pred": true,
    "returns_mode": "step",
    "annual_rf": 0.043
  },
  "metrics": {
    "total_return": 0.8608374384236441,
    "annual_return": 0.3291546077442131,
    "annual_vol": 0.24436631949836204,
    "sharpe": 1.1710067423842803,
    "max_drawdown": -0.13990066225165565,
    "mean_precision_positive": 0.5636363636363636,
    "mean_spearman_ic": 0.0015151515151515158,
    "icir": 0.0039099230674525,
    "mean_n_assets": 1.0,
    "n_periods": 55
  }
}