{
  "params": {
    "pred_dir": "previsoes/predlen_loss_todos_ativos/retornos_simples/TransformerSpecific/lookback_104/pred_len_15/_backtest_janelas_only",
    "price_path": "data/b3_daily_tfb.csv",
    "model_output": "returns",
    "rebalance_k": 15,
    "max_assets": 9,
    "horizon": 15,
    "only_positive_pred": true,
    "returns_mode": "step",
    "annual_rf": 0.043
  },
  "metrics": {
    "total_return": 0.05270979938921472,
    "annual_return": 0.023597791276968483,
    "annual_vol": 0.22202354842770572,
    "sharpe": -0.08738806698853015,
    "max_drawdown": -0.1664598273404777,
    "mean_precision_positive": 0.4924924924924925,
    "mean_spearman_ic": 0.0036998632088542055,
    "icir": 0.016602070668979233,
    "mean_n_assets": 9.0,
    "n_periods": 37
  }
}