{
  "params": {
    "pred_dir": "previsoes/financeiro_predlen_loss/retornos/AttentionSoloChannelIndependentSharedSpecific/lookback_104/pred_len_15/_backtest_janelas_only",
    "price_path": "data/b3_daily_financeiro.csv",
    "model_output": "returns",
    "rebalance_k": 10,
    "max_assets": 9,
    "horizon": 10,
    "only_positive_pred": true,
    "returns_mode": "step",
    "annual_rf": 0.043
  },
  "metrics": {
    "total_return": 0.41842298597992844,
    "annual_return": 0.17034146487162216,
    "annual_vol": 0.18067863517735544,
    "sharpe": 0.704795366350996,
    "max_drawdown": -0.14744640850829827,
    "mean_precision_positive": 0.5532738095238096,
    "mean_spearman_ic": -0.010714285714285713,
    "icir": -0.03358862030631661,
    "mean_n_assets": 4.839285714285714,
    "n_periods": 56
  }
}