{
  "params": {
    "pred_dir": "previsoes/financeiro_predlen_loss/retornos/AttentionSoloChannelIndependentSharedSpecific/lookback_246/pred_len_15/_backtest_janelas_only",
    "price_path": "data/b3_daily_financeiro.csv",
    "model_output": "returns",
    "rebalance_k": 10,
    "max_assets": 9,
    "horizon": 10,
    "only_positive_pred": true,
    "returns_mode": "step",
    "annual_rf": 0.043
  },
  "metrics": {
    "total_return": 0.4734926278782332,
    "annual_return": 0.1905745241516259,
    "annual_vol": 0.21632659027099793,
    "sharpe": 0.6821839329448843,
    "max_drawdown": -0.2051170619231445,
    "mean_precision_positive": 0.5214285714285715,
    "mean_spearman_ic": -0.0369047619047619,
    "icir": -0.10704193404543524,
    "mean_n_assets": 3.1785714285714284,
    "n_periods": 56
  }
}