{
  "params": {
    "pred_dir": "previsoes/tfb_predlen24_lb32_carteiras/retornos_simples/Nonstationary_Transformer/lookback_32/pred_len_24/_backtest_janelas_only",
    "price_path": "data/b3_daily_tfb.csv",
    "model_output": "returns",
    "rebalance_k": 24,
    "max_assets": 9,
    "horizon": 24,
    "only_positive_pred": true,
    "returns_mode": "step",
    "annual_rf": 0.043
  },
  "metrics": {
    "total_return": 0.48730333135771775,
    "annual_return": 0.19868243861407486,
    "annual_vol": 0.21583905261118028,
    "sharpe": 0.7212894827449343,
    "max_drawdown": -0.14801412816178006,
    "mean_precision_positive": 0.5217391304347826,
    "mean_spearman_ic": -0.028825278383143967,
    "icir": -0.12923621326972928,
    "mean_n_assets": 9.0,
    "n_periods": 23
  }
}