{
  "params": {
    "pred_dir": "previsoes/financeiro_predlen_loss/retornos/AttentionSoloChannelIndependentSharedSpecific/lookback_32/pred_len_15/_backtest_janelas_only",
    "price_path": "data/b3_daily_financeiro.csv",
    "model_output": "returns",
    "rebalance_k": 15,
    "max_assets": 9,
    "horizon": 15,
    "only_positive_pred": true,
    "returns_mode": "step",
    "annual_rf": 0.043
  },
  "metrics": {
    "total_return": 0.5493113606549451,
    "annual_return": 0.21992533319363194,
    "annual_vol": 0.21602939567176707,
    "sharpe": 0.8189873079238279,
    "max_drawdown": -0.14097719115988483,
    "mean_precision_positive": 0.5603603603603603,
    "mean_spearman_ic": -0.00405405405405405,
    "icir": -0.010729924218578985,
    "mean_n_assets": 5.945945945945946,
    "n_periods": 37
  }
}