{
  "params": {
    "pred_dir": "previsoes/predlen_loss_todos_ativos/log_retornos/TransformerSpecific/lookback_104/pred_len_20/_backtest_janelas_only",
    "price_path": "data/b3_daily_tfb.csv",
    "model_output": "log_returns",
    "rebalance_k": 10,
    "max_assets": 9,
    "horizon": 10,
    "only_positive_pred": true,
    "returns_mode": "step",
    "annual_rf": 0.043
  },
  "metrics": {
    "total_return": -0.007941402448393808,
    "annual_return": -0.0036464664149843395,
    "annual_vol": 0.2378103213974189,
    "sharpe": -0.1961498817245643,
    "max_drawdown": -0.25122459685888154,
    "mean_precision_positive": 0.501010101010101,
    "mean_spearman_ic": 0.015984293295353523,
    "icir": 0.06511721113856692,
    "mean_n_assets": 9.0,
    "n_periods": 55
  }
}