{
  "params": {
    "pred_dir": "previsoes/financeiro/retornos/AttentionSoloChannelIndependent/lookback_246/pred_len_20/_backtest_janelas_only",
    "price_path": "data/b3_daily_financeiro.csv",
    "model_output": "returns",
    "rebalance_k": 1,
    "max_assets": 9,
    "horizon": 1,
    "only_positive_pred": true,
    "returns_mode": "step",
    "annual_rf": 0.043
  },
  "metrics": {
    "total_return": 0.45462477319267514,
    "annual_return": 0.18732480168435406,
    "annual_vol": 0.19225815934715343,
    "sharpe": 0.750682323051643,
    "max_drawdown": -0.17455305123767872,
    "mean_precision_positive": 0.5004545454545455,
    "mean_spearman_ic": -0.0020930324879203555,
    "icir": -0.006931550032753189,
    "mean_n_assets": 4.0,
    "n_periods": 550
  }
}