{
  "params": {
    "pred_dir": "previsoes/financeiro_predlen_loss/retornos/AttentionSoloChannelIndependentSharedSpecific/lookback_104/pred_len_10/_backtest_janelas_only",
    "price_path": "data/b3_daily_financeiro.csv",
    "model_output": "returns",
    "rebalance_k": 1,
    "max_assets": 9,
    "horizon": 1,
    "only_positive_pred": true,
    "returns_mode": "step",
    "annual_rf": 0.043
  },
  "metrics": {
    "total_return": 0.6826503758493314,
    "annual_return": 0.26385499467269247,
    "annual_vol": 0.19953928727289302,
    "sharpe": 1.1068246142958693,
    "max_drawdown": -0.17237860056772192,
    "mean_precision_positive": 0.5068452380952381,
    "mean_spearman_ic": 0.003696287777334498,
    "icir": 0.01246909291375224,
    "mean_n_assets": 3.807142857142857,
    "n_periods": 560
  }
}