{
  "params": {
    "pred_dir": "previsoes/financeiro/retornos/TransformerShrINSpec/lookback_104/pred_len_20/_backtest_janelas_only",
    "price_path": "data/b3_daily_financeiro.csv",
    "model_output": "returns",
    "rebalance_k": 20,
    "max_assets": 9,
    "horizon": 20,
    "only_positive_pred": true,
    "returns_mode": "step",
    "annual_rf": 0.043
  },
  "metrics": {
    "total_return": 0.6075913590282309,
    "annual_return": 0.23816649689497127,
    "annual_vol": 0.21627118693711148,
    "sharpe": 0.9024156183677065,
    "max_drawdown": -0.11884020694885289,
    "mean_precision_positive": 0.5857142857142857,
    "mean_spearman_ic": 0.02321428571428571,
    "icir": 0.08134239429303897,
    "mean_n_assets": 5.035714285714286,
    "n_periods": 28
  }
}