{
  "params": {
    "pred_dir": "previsoes/tfb_multi_lb_predlen_carteiras/log_retornos/FEDformer/lookback_32/pred_len_10/_backtest_janelas_only",
    "price_path": "data/b3_daily_tfb.csv",
    "model_output": "log_returns",
    "rebalance_k": 5,
    "max_assets": 9,
    "horizon": 5,
    "only_positive_pred": true,
    "returns_mode": "step",
    "annual_rf": 0.043
  },
  "metrics": {
    "total_return": 0.39583639498377465,
    "annual_return": 0.16037605530984278,
    "annual_vol": 0.19536581626354507,
    "sharpe": 0.6008013968600553,
    "max_drawdown": -0.27451504262445925,
    "mean_precision_positive": 0.4975417895771878,
    "mean_spearman_ic": 0.007903034176682464,
    "icir": 0.05111455532073323,
    "mean_n_assets": 9.0,
    "n_periods": 113
  }
}