{
  "params": {
    "pred_dir": "previsoes/financeiro/retornos/AttentionSoloChannelIndependentSharedSpecific/lookback_104/pred_len_20/_backtest_janelas_only",
    "price_path": "data/b3_daily_financeiro.csv",
    "model_output": "returns",
    "rebalance_k": 10,
    "max_assets": 9,
    "horizon": 10,
    "only_positive_pred": true,
    "returns_mode": "step",
    "annual_rf": 0.043
  },
  "metrics": {
    "total_return": 0.4921028622493342,
    "annual_return": 0.20124455867839552,
    "annual_vol": 0.2235920008147415,
    "sharpe": 0.7077380143375971,
    "max_drawdown": -0.19109074371497414,
    "mean_precision_positive": 0.5445454545454546,
    "mean_spearman_ic": 0.0060606060606060545,
    "icir": 0.021723724399595523,
    "mean_n_assets": 4.163636363636364,
    "n_periods": 55
  }
}