{
  "params": {
    "pred_dir": "previsoes/predlen_loss_todos_ativos/log_retornos/TransformerSpecific/lookback_246/pred_len_20/_backtest_janelas_only",
    "price_path": "data/b3_daily_tfb.csv",
    "model_output": "log_returns",
    "rebalance_k": 15,
    "max_assets": 9,
    "horizon": 15,
    "only_positive_pred": true,
    "returns_mode": "step",
    "annual_rf": 0.043
  },
  "metrics": {
    "total_return": -0.11082315187147429,
    "annual_return": -0.051935552048250844,
    "annual_vol": 0.19567559765653855,
    "sharpe": -0.48516806993423556,
    "max_drawdown": -0.20105646239935826,
    "mean_precision_positive": 0.47147147147147145,
    "mean_spearman_ic": -0.024377010478094117,
    "icir": -0.1138960757060854,
    "mean_n_assets": 9.0,
    "n_periods": 37
  }
}