{
  "params": {
    "pred_dir": "previsoes/financeiro_predlen_loss/retornos/TransformerSpecific/lookback_104/pred_len_15/_backtest_janelas_only",
    "price_path": "data/b3_daily_financeiro.csv",
    "model_output": "returns",
    "rebalance_k": 10,
    "max_assets": 9,
    "horizon": 10,
    "only_positive_pred": true,
    "returns_mode": "step",
    "annual_rf": 0.043
  },
  "metrics": {
    "total_return": 0.5705706576713787,
    "annual_return": 0.2252532573150674,
    "annual_vol": 0.21272119112856808,
    "sharpe": 0.8567705753627248,
    "max_drawdown": -0.149816339313934,
    "mean_precision_positive": 0.536904761904762,
    "mean_spearman_ic": -0.03928571428571429,
    "icir": -0.12326232762867162,
    "mean_n_assets": 5.357142857142857,
    "n_periods": 56
  }
}