{
  "params": {
    "pred_dir": "previsoes/predlen_loss_todos_ativos/retornos/TransformerShrINSpec/lookback_32/pred_len_15/_backtest_janelas_only",
    "price_path": "data/b3_daily_tfb.csv",
    "model_output": "returns",
    "rebalance_k": 15,
    "max_assets": 9,
    "horizon": 15,
    "only_positive_pred": true,
    "returns_mode": "step",
    "annual_rf": 0.043
  },
  "metrics": {
    "total_return": 0.3214535843958708,
    "annual_return": 0.13491702768099567,
    "annual_vol": 0.22189431695854445,
    "sharpe": 0.41423786305517746,
    "max_drawdown": -0.17164297367525316,
    "mean_precision_positive": 0.5435435435435435,
    "mean_spearman_ic": -0.001314554904111933,
    "icir": -0.008429437815374915,
    "mean_n_assets": 9.0,
    "n_periods": 37
  }
}