{
  "params": {
    "pred_dir": "previsoes/financeiro_predlen_loss/retornos/TransformerShrINSpec/lookback_32/pred_len_15/_backtest_janelas_only",
    "price_path": "data/b3_daily_financeiro.csv",
    "model_output": "returns",
    "rebalance_k": 1,
    "max_assets": 9,
    "horizon": 1,
    "only_positive_pred": true,
    "returns_mode": "step",
    "annual_rf": 0.043
  },
  "metrics": {
    "total_return": 0.6183631334047364,
    "annual_return": 0.2443191781495606,
    "annual_vol": 0.18406132635770106,
    "sharpe": 1.0937614225289294,
    "max_drawdown": -0.16113654966090918,
    "mean_precision_positive": 0.5057657657657658,
    "mean_spearman_ic": 0.00095076907133838,
    "icir": 0.002827627549840398,
    "mean_n_assets": 4.994594594594594,
    "n_periods": 555
  }
}