{
  "params": {
    "pred_dir": "previsoes/financeiro_predlen_loss/retornos/AttentionSoloChannelIndependentShrINSpec/lookback_246/pred_len_15/_backtest_janelas_only",
    "price_path": "data/b3_daily_financeiro.csv",
    "model_output": "returns",
    "rebalance_k": 5,
    "max_assets": 9,
    "horizon": 5,
    "only_positive_pred": true,
    "returns_mode": "step",
    "annual_rf": 0.043
  },
  "metrics": {
    "total_return": 0.7835312881372707,
    "annual_return": 0.3004541211673917,
    "annual_vol": 0.17006385713761296,
    "sharpe": 1.5138673525384287,
    "max_drawdown": -0.08002808509569481,
    "mean_precision_positive": 0.5476619476619476,
    "mean_spearman_ic": 0.09519519519519518,
    "icir": 0.2879021309010177,
    "mean_n_assets": 3.7477477477477477,
    "n_periods": 111
  }
}