{
  "params": {
    "pred_dir": "previsoes/predlen_loss_todos_ativos/retornos/TransformerSpecific/lookback_246/pred_len_15/_backtest_janelas_only",
    "price_path": "data/b3_daily_tfb.csv",
    "model_output": "returns",
    "rebalance_k": 1,
    "max_assets": 9,
    "horizon": 1,
    "only_positive_pred": true,
    "returns_mode": "step",
    "annual_rf": 0.043
  },
  "metrics": {
    "total_return": 0.23756275116209258,
    "annual_return": 0.10161673732278809,
    "annual_vol": 0.215846390157466,
    "sharpe": 0.2715669105238477,
    "max_drawdown": -0.21462142098580206,
    "mean_precision_positive": 0.49169169169169175,
    "mean_spearman_ic": -0.001361626664694365,
    "icir": -0.011367688123287884,
    "mean_n_assets": 9.0,
    "n_periods": 555
  }
}