{
  "params": {
    "pred_dir": "previsoes/financeiro/retornos/AttentionSoloChannelIndependentShrINSpec/lookback_246/pred_len_20/_backtest_janelas_only",
    "price_path": "data/b3_daily_financeiro.csv",
    "model_output": "returns",
    "rebalance_k": 20,
    "max_assets": 9,
    "horizon": 20,
    "only_positive_pred": true,
    "returns_mode": "step",
    "annual_rf": 0.043
  },
  "metrics": {
    "total_return": 0.5913165942258689,
    "annual_return": 0.23251004145059895,
    "annual_vol": 0.21073150917031522,
    "sharpe": 0.8992961811773252,
    "max_drawdown": -0.1356545492740312,
    "mean_precision_positive": 0.6123299319727892,
    "mean_spearman_ic": 0.02023809523809523,
    "icir": 0.07486702834248164,
    "mean_n_assets": 5.678571428571429,
    "n_periods": 28
  }
}