{
  "params": {
    "pred_dir": "previsoes/financeiro_predlen_loss/retornos/AttentionSoloChannelIndependentSharedSpecific/lookback_32/pred_len_15/_backtest_janelas_only",
    "price_path": "data/b3_daily_financeiro.csv",
    "model_output": "returns",
    "rebalance_k": 10,
    "max_assets": 9,
    "horizon": 10,
    "only_positive_pred": true,
    "returns_mode": "step",
    "annual_rf": 0.043
  },
  "metrics": {
    "total_return": 0.5691118993600268,
    "annual_return": 0.22474101528370216,
    "annual_vol": 0.19908922059077017,
    "sharpe": 0.9128621566974368,
    "max_drawdown": -0.1427558078053669,
    "mean_precision_positive": 0.5544642857142857,
    "mean_spearman_ic": -0.011011904761904766,
    "icir": -0.03396505775763868,
    "mean_n_assets": 4.946428571428571,
    "n_periods": 56
  }
}