{
  "params": {
    "pred_dir": "previsoes/financeiro_predlen_loss/retornos/AttentionSoloChannelIndependentShrINSpec/lookback_246/pred_len_1/_backtest_janelas_only",
    "price_path": "data/b3_daily_financeiro.csv",
    "model_output": "returns",
    "rebalance_k": 1,
    "max_assets": 9,
    "horizon": 1,
    "only_positive_pred": true,
    "returns_mode": "step",
    "annual_rf": 0.043
  },
  "metrics": {
    "total_return": 0.5074540754739869,
    "annual_return": 0.1993367559445447,
    "annual_vol": 0.16265188013664014,
    "sharpe": 0.9611739858968108,
    "max_drawdown": -0.1493268943785523,
    "mean_precision_positive": 0.5058456774625493,
    "mean_spearman_ic": 0.005741610855057104,
    "icir": 0.014402131486610008,
    "mean_n_assets": 5.590509666080844,
    "n_periods": 569
  }
}