{
  "params": {
    "pred_dir": "previsoes/predlen_loss_todos_ativos/retornos_simples/TransformerSpecific/lookback_104/pred_len_24/_backtest_janelas_only",
    "price_path": "data/b3_daily_tfb.csv",
    "model_output": "returns",
    "rebalance_k": 15,
    "max_assets": 9,
    "horizon": 15,
    "only_positive_pred": true,
    "returns_mode": "step",
    "annual_rf": 0.043
  },
  "metrics": {
    "total_return": 0.3888656229462768,
    "annual_return": 0.16084826086103976,
    "annual_vol": 0.1925444922805196,
    "sharpe": 0.6120572936947254,
    "max_drawdown": -0.14481265822758604,
    "mean_precision_positive": 0.49849849849849837,
    "mean_spearman_ic": 0.0006109905052283911,
    "icir": 0.002898544337854191,
    "mean_n_assets": 9.0,
    "n_periods": 37
  }
}