{
  "params": {
    "pred_dir": "previsoes/tfb_multi_lb_predlen_carteiras/retornos_simples/FEDformer/lookback_246/pred_len_1/_backtest_janelas_only",
    "price_path": "data/b3_daily_tfb.csv",
    "model_output": "returns",
    "rebalance_k": 1,
    "max_assets": 9,
    "horizon": 1,
    "only_positive_pred": true,
    "returns_mode": "step",
    "annual_rf": 0.043
  },
  "metrics": {
    "total_return": 0.5239707848987578,
    "annual_return": 0.20474445544465647,
    "annual_vol": 0.19824224715864905,
    "sharpe": 0.8158929681381983,
    "max_drawdown": -0.16981541198479133,
    "mean_precision_positive": 0.49551656920077974,
    "mean_spearman_ic": 0.009208327986023215,
    "icir": 0.06689763626318566,
    "mean_n_assets": 9.0,
    "n_periods": 570
  }
}