{
  "params": {
    "pred_dir": "previsoes/financeiro_predlen_loss/retornos/AttentionSoloChannelIndependentShrINSpec/lookback_246/pred_len_10/_backtest_janelas_only",
    "price_path": "data/b3_daily_financeiro.csv",
    "model_output": "returns",
    "rebalance_k": 1,
    "max_assets": 9,
    "horizon": 1,
    "only_positive_pred": true,
    "returns_mode": "step",
    "annual_rf": 0.043
  },
  "metrics": {
    "total_return": 0.5495924716148228,
    "annual_return": 0.2178614230915672,
    "annual_vol": 0.18347750101633675,
    "sharpe": 0.9530401391067433,
    "max_drawdown": -0.19519351944400243,
    "mean_precision_positive": 0.5130399659863946,
    "mean_spearman_ic": 0.004743491076848659,
    "icir": 0.014680340735754149,
    "mean_n_assets": 3.9160714285714286,
    "n_periods": 560
  }
}