{
  "params": {
    "pred_dir": "previsoes/predlen_loss_todos_ativos/retornos_simples/TransformerShrINSpec/lookback_246/pred_len_15/_backtest_janelas_only",
    "price_path": "data/b3_daily_tfb.csv",
    "model_output": "returns",
    "rebalance_k": 10,
    "max_assets": 9,
    "horizon": 10,
    "only_positive_pred": true,
    "returns_mode": "step",
    "annual_rf": 0.043
  },
  "metrics": {
    "total_return": 0.2129490504696372,
    "annual_return": 0.09075986997375196,
    "annual_vol": 0.20795979164840248,
    "sharpe": 0.22965915475862542,
    "max_drawdown": -0.1510401869967679,
    "mean_precision_positive": 0.5019841269841269,
    "mean_spearman_ic": -0.0029027224581045863,
    "icir": -0.014133503330053353,
    "mean_n_assets": 9.0,
    "n_periods": 56
  }
}