{
  "params": {
    "pred_dir": "previsoes/financeiro/retornos/AttentionSoloChannelIndependentSharedSpecific/lookback_104/pred_len_20/_backtest_janelas_only",
    "price_path": "data/b3_daily_financeiro.csv",
    "model_output": "returns",
    "rebalance_k": 15,
    "max_assets": 9,
    "horizon": 15,
    "only_positive_pred": true,
    "returns_mode": "step",
    "annual_rf": 0.043
  },
  "metrics": {
    "total_return": 0.48844285976297197,
    "annual_return": 0.19792530957742938,
    "annual_vol": 0.2384982562005175,
    "sharpe": 0.6495867602787665,
    "max_drawdown": -0.1822517957196519,
    "mean_precision_positive": 0.554954954954955,
    "mean_spearman_ic": -0.0022522522522522475,
    "icir": -0.005994288007081675,
    "mean_n_assets": 5.162162162162162,
    "n_periods": 37
  }
}