{
  "params": {
    "pred_dir": "previsoes/predlen_loss_todos_ativos/log_retornos/TransformerSpecific/lookback_104/pred_len_24/_backtest_janelas_only",
    "price_path": "data/b3_daily_tfb.csv",
    "model_output": "log_returns",
    "rebalance_k": 1,
    "max_assets": 9,
    "horizon": 1,
    "only_positive_pred": true,
    "returns_mode": "step",
    "annual_rf": 0.043
  },
  "metrics": {
    "total_return": 0.17876823777233297,
    "annual_return": 0.07886465543097954,
    "annual_vol": 0.18636059930393395,
    "sharpe": 0.19244762876346072,
    "max_drawdown": -0.13558593102929872,
    "mean_precision_positive": 0.48371998371998376,
    "mean_spearman_ic": 0.0015488832644079075,
    "icir": 0.007648181693743821,
    "mean_n_assets": 9.0,
    "n_periods": 546
  }
}