{
  "params": {
    "pred_dir": "previsoes/tfb_multi_lb_predlen_carteiras/log_retornos/TimesNet/lookback_32/pred_len_10/_backtest_janelas_only",
    "price_path": "data/b3_daily_tfb.csv",
    "model_output": "log_returns",
    "rebalance_k": 1,
    "max_assets": 9,
    "horizon": 1,
    "only_positive_pred": true,
    "returns_mode": "step",
    "annual_rf": 0.043
  },
  "metrics": {
    "total_return": 0.5758951110148232,
    "annual_return": 0.22667310758885884,
    "annual_vol": 0.2247737404196064,
    "sharpe": 0.8171466437582028,
    "max_drawdown": -0.19987967331510703,
    "mean_precision_positive": 0.489453357100416,
    "mean_spearman_ic": 0.005932446697505548,
    "icir": 0.03349118052129798,
    "mean_n_assets": 8.985739750445633,
    "n_periods": 561
  }
}