{
  "params": {
    "pred_dir": "previsoes/financeiro_predlen_loss/retornos/AttentionSoloChannelIndependentSharedSpecific/lookback_246/pred_len_15/_backtest_janelas_only",
    "price_path": "data/b3_daily_financeiro.csv",
    "model_output": "returns",
    "rebalance_k": 15,
    "max_assets": 9,
    "horizon": 15,
    "only_positive_pred": true,
    "returns_mode": "step",
    "annual_rf": 0.043
  },
  "metrics": {
    "total_return": 0.4516565358813236,
    "annual_return": 0.18439058957579957,
    "annual_vol": 0.2231169148142552,
    "sharpe": 0.6337062776863298,
    "max_drawdown": -0.1772538300459513,
    "mean_precision_positive": 0.5247747747747749,
    "mean_spearman_ic": 0.0117117117117117,
    "icir": 0.0439481851798952,
    "mean_n_assets": 2.189189189189189,
    "n_periods": 37
  }
}