{
  "params": {
    "pred_dir": "previsoes/predlen_loss_todos_ativos/retornos_simples/TransformerShrINSpec/lookback_246/pred_len_10/_backtest_janelas_only",
    "price_path": "data/b3_daily_tfb.csv",
    "model_output": "returns",
    "rebalance_k": 10,
    "max_assets": 9,
    "horizon": 10,
    "only_positive_pred": true,
    "returns_mode": "step",
    "annual_rf": 0.043
  },
  "metrics": {
    "total_return": 0.10588352833259074,
    "annual_return": 0.046331319868891496,
    "annual_vol": 0.21490354229742897,
    "sharpe": 0.015501465603023493,
    "max_drawdown": -0.21041060906633424,
    "mean_precision_positive": 0.5059523809523809,
    "mean_spearman_ic": 0.00036493177638811735,
    "icir": 0.0017456623434101769,
    "mean_n_assets": 9.0,
    "n_periods": 56
  }
}