{
  "params": {
    "pred_dir": "previsoes/financeiro_predlen_loss/retornos/TransformerShrINSpec/lookback_32/pred_len_10/_backtest_janelas_only",
    "price_path": "data/b3_daily_financeiro.csv",
    "model_output": "returns",
    "rebalance_k": 1,
    "max_assets": 9,
    "horizon": 1,
    "only_positive_pred": true,
    "returns_mode": "step",
    "annual_rf": 0.043
  },
  "metrics": {
    "total_return": 0.46939950215671744,
    "annual_return": 0.18908513452022246,
    "annual_vol": 0.192776196865046,
    "sharpe": 0.7577965376217592,
    "max_drawdown": -0.1858950497282238,
    "mean_precision_positive": 0.5054761904761905,
    "mean_spearman_ic": -0.03609028860097421,
    "icir": -0.09951994566791708,
    "mean_n_assets": 6.316071428571429,
    "n_periods": 560
  }
}