{
  "params": {
    "pred_dir": "previsoes/predlen_loss_todos_ativos/log_retornos/TransformerShrINSpec/lookback_246/pred_len_10/_backtest_janelas_only",
    "price_path": "data/b3_daily_tfb.csv",
    "model_output": "log_returns",
    "rebalance_k": 1,
    "max_assets": 9,
    "horizon": 1,
    "only_positive_pred": true,
    "returns_mode": "step",
    "annual_rf": 0.043
  },
  "metrics": {
    "total_return": 0.2595247224409407,
    "annual_return": 0.10941239405015435,
    "annual_vol": 0.18179906328949322,
    "sharpe": 0.36530657995965893,
    "max_drawdown": -0.21053791199907756,
    "mean_precision_positive": 0.4904761904761905,
    "mean_spearman_ic": -0.0020349813866038496,
    "icir": -0.011535585268495107,
    "mean_n_assets": 9.0,
    "n_periods": 560
  }
}