{
  "params": {
    "pred_dir": "previsoes/tfb_multi_lb_predlen_carteiras/retornos_simples/DUET/lookback_32/pred_len_24/_backtest_janelas_only",
    "price_path": "data/b3_daily_tfb.csv",
    "model_output": "returns",
    "rebalance_k": 1,
    "max_assets": 9,
    "horizon": 1,
    "only_positive_pred": true,
    "returns_mode": "step",
    "annual_rf": 0.043
  },
  "metrics": {
    "total_return": 0.4818414358702301,
    "annual_return": 0.1986363763355543,
    "annual_vol": 0.22765891425963697,
    "sharpe": 0.6836384019562551,
    "max_drawdown": -0.16631903570826756,
    "mean_precision_positive": 0.48407982937233396,
    "mean_spearman_ic": 0.005476820402487348,
    "icir": 0.02995504148597737,
    "mean_n_assets": 8.974405850091408,
    "n_periods": 547
  }
}