{
  "params": {
    "pred_dir": "previsoes/predlen_loss_todos_ativos/log_retornos/TransformerShrINSpec/lookback_246/pred_len_20/_backtest_janelas_only",
    "price_path": "data/b3_daily_tfb.csv",
    "model_output": "log_returns",
    "rebalance_k": 10,
    "max_assets": 9,
    "horizon": 10,
    "only_positive_pred": true,
    "returns_mode": "step",
    "annual_rf": 0.043
  },
  "metrics": {
    "total_return": -0.06977355462061219,
    "annual_return": -0.032595941210154966,
    "annual_vol": 0.233355568524423,
    "sharpe": -0.32395173463470656,
    "max_drawdown": -0.1739891438593978,
    "mean_precision_positive": 0.46868686868686876,
    "mean_spearman_ic": -0.0011689024028774518,
    "icir": -0.005558514581592766,
    "mean_n_assets": 9.0,
    "n_periods": 55
  }
}