{
  "params": {
    "pred_dir": "previsoes/predlen_loss_todos_ativos/retornos/TransformerSpecific/lookback_246/pred_len_24/_backtest_janelas_only",
    "price_path": "data/b3_daily_tfb.csv",
    "model_output": "returns",
    "rebalance_k": 20,
    "max_assets": 9,
    "horizon": 20,
    "only_positive_pred": true,
    "returns_mode": "step",
    "annual_rf": 0.043
  },
  "metrics": {
    "total_return": 0.20533622428448095,
    "annual_return": 0.08767386661224319,
    "annual_vol": 0.13963032560055108,
    "sharpe": 0.3199438690707091,
    "max_drawdown": -0.07023046578765701,
    "mean_precision_positive": 0.5238095238095238,
    "mean_spearman_ic": -0.022502082861499295,
    "icir": -0.11807953500950424,
    "mean_n_assets": 9.0,
    "n_periods": 28
  }
}