{
  "params": {
    "pred_dir": "previsoes/tfb_multi_lb_predlen_carteiras/log_retornos/TimesNet/lookback_32/pred_len_15/_backtest_janelas_only",
    "price_path": "data/b3_daily_tfb.csv",
    "model_output": "log_returns",
    "rebalance_k": 1,
    "max_assets": 9,
    "horizon": 1,
    "only_positive_pred": true,
    "returns_mode": "step",
    "annual_rf": 0.043
  },
  "metrics": {
    "total_return": 0.2306052068568727,
    "annual_return": 0.09861414926666412,
    "annual_vol": 0.24826673568332405,
    "sharpe": 0.22400966892964105,
    "max_drawdown": -0.22060229361559824,
    "mean_precision_positive": 0.4790167865707435,
    "mean_spearman_ic": 0.00195363708035366,
    "icir": 0.011065003795016822,
    "mean_n_assets": 9.0,
    "n_periods": 556
  }
}