{
  "params": {
    "pred_dir": "previsoes/financeiro_predlen_loss/retornos/AttentionSoloChannelIndependentShrINSpec/lookback_246/pred_len_15/_backtest_janelas_only",
    "price_path": "data/b3_daily_financeiro.csv",
    "model_output": "returns",
    "rebalance_k": 1,
    "max_assets": 9,
    "horizon": 1,
    "only_positive_pred": true,
    "returns_mode": "step",
    "annual_rf": 0.043
  },
  "metrics": {
    "total_return": 0.6769350883304752,
    "annual_return": 0.2645689512203111,
    "annual_vol": 0.2007086310911327,
    "sharpe": 1.1039333486346519,
    "max_drawdown": -0.19728003142868278,
    "mean_precision_positive": 0.5141095066185318,
    "mean_spearman_ic": 0.013117307146477443,
    "icir": 0.03798092199144791,
    "mean_n_assets": 2.962162162162162,
    "n_periods": 555
  }
}