{
  "params": {
    "pred_dir": "previsoes/financeiro_predlen_loss/retornos/TransformerShrINSpec/lookback_104/pred_len_15/_backtest_janelas_only",
    "price_path": "data/b3_daily_financeiro.csv",
    "model_output": "returns",
    "rebalance_k": 15,
    "max_assets": 9,
    "horizon": 15,
    "only_positive_pred": true,
    "returns_mode": "step",
    "annual_rf": 0.043
  },
  "metrics": {
    "total_return": 0.5074177611620538,
    "annual_return": 0.20483535025359179,
    "annual_vol": 0.18626574705575683,
    "sharpe": 0.8688411734936321,
    "max_drawdown": -0.12705127874183142,
    "mean_precision_positive": 0.557915057915058,
    "mean_spearman_ic": -0.032432432432432434,
    "icir": -0.0907743569457075,
    "mean_n_assets": 6.864864864864865,
    "n_periods": 37
  }
}