{
  "params": {
    "pred_dir": "previsoes/predlen_loss_todos_ativos/log_retornos/TransformerSpecific/lookback_246/pred_len_24/_backtest_janelas_only",
    "price_path": "data/b3_daily_tfb.csv",
    "model_output": "log_returns",
    "rebalance_k": 20,
    "max_assets": 9,
    "horizon": 20,
    "only_positive_pred": true,
    "returns_mode": "step",
    "annual_rf": 0.043
  },
  "metrics": {
    "total_return": 0.09059390037248094,
    "annual_return": 0.039796566373385245,
    "annual_vol": 0.19784301424704426,
    "sharpe": -0.016191795494050962,
    "max_drawdown": -0.16072723679902845,
    "mean_precision_positive": 0.5039682539682541,
    "mean_spearman_ic": -0.014308127064901918,
    "icir": -0.06888825184425106,
    "mean_n_assets": 9.0,
    "n_periods": 28
  }
}