{
  "params": {
    "pred_dir": "previsoes/financeiro_predlen_loss/retornos/AttentionSoloChannelIndependent/lookback_246/pred_len_15/_backtest_janelas_only",
    "price_path": "data/b3_daily_financeiro.csv",
    "model_output": "returns",
    "rebalance_k": 5,
    "max_assets": 9,
    "horizon": 5,
    "only_positive_pred": true,
    "returns_mode": "step",
    "annual_rf": 0.043
  },
  "metrics": {
    "total_return": 0.5150218248549472,
    "annual_return": 0.20759116802222488,
    "annual_vol": 0.2878195430599396,
    "sharpe": 0.5718554281352191,
    "max_drawdown": -0.28761267190228257,
    "mean_precision_positive": 0.4924924924924925,
    "mean_spearman_ic": 0.027927927927927924,
    "icir": 0.07739477506028103,
    "mean_n_assets": 1.6846846846846846,
    "n_periods": 111
  }
}