{
  "params": {
    "pred_dir": "previsoes/financeiro/retornos/TransformerShrINSpec/lookback_246/pred_len_20/_backtest_janelas_only",
    "price_path": "data/b3_daily_financeiro.csv",
    "model_output": "returns",
    "rebalance_k": 15,
    "max_assets": 9,
    "horizon": 15,
    "only_positive_pred": true,
    "returns_mode": "step",
    "annual_rf": 0.043
  },
  "metrics": {
    "total_return": 0.6061114562655852,
    "annual_return": 0.24003311089271184,
    "annual_vol": 0.2439953301282442,
    "sharpe": 0.8075282046961761,
    "max_drawdown": -0.1726479469823723,
    "mean_precision_positive": 0.5315315315315314,
    "mean_spearman_ic": 0.07117117117117117,
    "icir": 0.17725688836338643,
    "mean_n_assets": 2.5675675675675675,
    "n_periods": 37
  }
}