{
  "params": {
    "pred_dir": "previsoes/predlen_loss_todos_ativos/retornos_simples/TransformerSpecific/lookback_104/pred_len_15/_backtest_janelas_only",
    "price_path": "data/b3_daily_tfb.csv",
    "model_output": "returns",
    "rebalance_k": 10,
    "max_assets": 9,
    "horizon": 10,
    "only_positive_pred": true,
    "returns_mode": "step",
    "annual_rf": 0.043
  },
  "metrics": {
    "total_return": 0.03853472599160823,
    "annual_return": 0.017160438306539127,
    "annual_vol": 0.21585061233843203,
    "sharpe": -0.11971039328323534,
    "max_drawdown": -0.2204236769373542,
    "mean_precision_positive": 0.49603174603174605,
    "mean_spearman_ic": 0.007439970475299663,
    "icir": 0.034136973203652214,
    "mean_n_assets": 9.0,
    "n_periods": 56
  }
}