{
  "params": {
    "pred_dir": "previsoes/tfb_multi_lb_predlen_carteiras/log_retornos/DUET/lookback_32/pred_len_15/_backtest_janelas_only",
    "price_path": "data/b3_daily_tfb.csv",
    "model_output": "log_returns",
    "rebalance_k": 5,
    "max_assets": 9,
    "horizon": 5,
    "only_positive_pred": true,
    "returns_mode": "step",
    "annual_rf": 0.043
  },
  "metrics": {
    "total_return": 0.6801124804571892,
    "annual_return": 0.26299683158383425,
    "annual_vol": 0.19977870686215707,
    "sharpe": 1.1012026008138458,
    "max_drawdown": -0.19763081554131268,
    "mean_precision_positive": 0.5049603174603174,
    "mean_spearman_ic": 0.00515325314745225,
    "icir": 0.029045627744277564,
    "mean_n_assets": 9.0,
    "n_periods": 112
  }
}