{
  "params": {
    "pred_dir": "previsoes/financeiro/retornos/AttentionSoloChannelIndependent/lookback_246/pred_len_20/_backtest_janelas_only",
    "price_path": "data/b3_daily_financeiro.csv",
    "model_output": "returns",
    "rebalance_k": 20,
    "max_assets": 9,
    "horizon": 20,
    "only_positive_pred": true,
    "returns_mode": "step",
    "annual_rf": 0.043
  },
  "metrics": {
    "total_return": 0.6581083773862979,
    "annual_return": 0.2555262901886224,
    "annual_vol": 0.22232950427288883,
    "sharpe": 0.9559068234496043,
    "max_drawdown": -0.11865988339053868,
    "mean_precision_positive": 0.5964285714285715,
    "mean_spearman_ic": -0.011309523809523811,
    "icir": -0.030884232154978594,
    "mean_n_assets": 4.785714285714286,
    "n_periods": 28
  }
}