{
  "params": {
    "pred_dir": "previsoes/tfb_multi_lb_predlen_carteiras/retornos_simples/TimesNet/lookback_32/pred_len_24/_backtest_janelas_only",
    "price_path": "data/b3_daily_tfb.csv",
    "model_output": "returns",
    "rebalance_k": 1,
    "max_assets": 9,
    "horizon": 1,
    "only_positive_pred": true,
    "returns_mode": "step",
    "annual_rf": 0.043
  },
  "metrics": {
    "total_return": 0.4606591553393842,
    "annual_return": 0.19071218795701572,
    "annual_vol": 0.23467380835529927,
    "sharpe": 0.6294361905670254,
    "max_drawdown": -0.1941427473522489,
    "mean_precision_positive": 0.4824330402483967,
    "mean_spearman_ic": 0.0037692243859220715,
    "icir": 0.020966514910011173,
    "mean_n_assets": 8.994515539305302,
    "n_periods": 547
  }
}