{
  "params": {
    "pred_dir": "previsoes/financeiro_predlen_loss/retornos/AttentionSoloChannelIndependent/lookback_246/pred_len_5/_backtest_janelas_only",
    "price_path": "data/b3_daily_financeiro.csv",
    "model_output": "returns",
    "rebalance_k": 1,
    "max_assets": 9,
    "horizon": 1,
    "only_positive_pred": true,
    "returns_mode": "step",
    "annual_rf": 0.043
  },
  "metrics": {
    "total_return": 0.6108769869976478,
    "annual_return": 0.23695381694871487,
    "annual_vol": 0.18856647446387925,
    "sharpe": 1.0285699910344752,
    "max_drawdown": -0.20849509231096475,
    "mean_precision_positive": 0.504749262536873,
    "mean_spearman_ic": 0.016809676133502476,
    "icir": 0.049314485326435176,
    "mean_n_assets": 2.932743362831858,
    "n_periods": 565
  }
}