{
  "params": {
    "pred_dir": "previsoes/predlen_loss_todos_ativos/log_retornos/TransformerSpecific/lookback_246/pred_len_10/_backtest_janelas_only",
    "price_path": "data/b3_daily_tfb.csv",
    "model_output": "log_returns",
    "rebalance_k": 10,
    "max_assets": 9,
    "horizon": 10,
    "only_positive_pred": true,
    "returns_mode": "step",
    "annual_rf": 0.043
  },
  "metrics": {
    "total_return": 0.008578857545215923,
    "annual_return": 0.0038514184409355057,
    "annual_vol": 0.20192137782741232,
    "sharpe": -0.19388032104518346,
    "max_drawdown": -0.1751195423033094,
    "mean_precision_positive": 0.47619047619047616,
    "mean_spearman_ic": -0.0047385158049807,
    "icir": -0.022737997941494045,
    "mean_n_assets": 9.0,
    "n_periods": 56
  }
}