{
  "params": {
    "pred_dir": "previsoes/tfb_multi_lb_predlen_carteiras/log_retornos/TimesNet/lookback_32/pred_len_24/_backtest_janelas_only",
    "price_path": "data/b3_daily_tfb.csv",
    "model_output": "log_returns",
    "rebalance_k": 15,
    "max_assets": 9,
    "horizon": 15,
    "only_positive_pred": true,
    "returns_mode": "step",
    "annual_rf": 0.043
  },
  "metrics": {
    "total_return": 0.32040461130340203,
    "annual_return": 0.13450788174797212,
    "annual_vol": 0.2319883542496554,
    "sharpe": 0.3944503250775057,
    "max_drawdown": -0.18976270733049516,
    "mean_precision_positive": 0.48948948948948956,
    "mean_spearman_ic": 0.012523096105185656,
    "icir": 0.06795342903600411,
    "mean_n_assets": 9.0,
    "n_periods": 37
  }
}