{
  "params": {
    "pred_dir": "previsoes/predlen_loss_todos_ativos/retornos/TransformerShrINSpec/lookback_246/pred_len_24/_backtest_janelas_only",
    "price_path": "data/b3_daily_tfb.csv",
    "model_output": "returns",
    "rebalance_k": 1,
    "max_assets": 9,
    "horizon": 1,
    "only_positive_pred": true,
    "returns_mode": "step",
    "annual_rf": 0.043
  },
  "metrics": {
    "total_return": -0.03494541025962705,
    "annual_return": -0.016283176570280555,
    "annual_vol": 0.2601773734275817,
    "sharpe": -0.22785677243675287,
    "max_drawdown": -0.3729749235062496,
    "mean_precision_positive": 0.47659747659747653,
    "mean_spearman_ic": -0.00859106118117133,
    "icir": -0.05881071183050738,
    "mean_n_assets": 9.0,
    "n_periods": 546
  }
}