{
  "params": {
    "pred_dir": "previsoes/financeiro_predlen_loss/retornos/TransformerShrINSpec/lookback_246/pred_len_10/_backtest_janelas_only",
    "price_path": "data/b3_daily_financeiro.csv",
    "model_output": "returns",
    "rebalance_k": 10,
    "max_assets": 9,
    "horizon": 10,
    "only_positive_pred": true,
    "returns_mode": "step",
    "annual_rf": 0.043
  },
  "metrics": {
    "total_return": 0.47772709505847444,
    "annual_return": 0.19211295174219578,
    "annual_vol": 0.20111210502475588,
    "sharpe": 0.7414419521084559,
    "max_drawdown": -0.16934926356693947,
    "mean_precision_positive": 0.568452380952381,
    "mean_spearman_ic": -0.060714285714285714,
    "icir": -0.1988371613349129,
    "mean_n_assets": 3.607142857142857,
    "n_periods": 56
  }
}