{
  "params": {
    "pred_dir": "previsoes/tfb_multi_lb_predlen_carteiras/log_retornos/DUET/lookback_246/pred_len_10/_backtest_janelas_only",
    "price_path": "data/b3_daily_tfb.csv",
    "model_output": "log_returns",
    "rebalance_k": 10,
    "max_assets": 9,
    "horizon": 10,
    "only_positive_pred": true,
    "returns_mode": "step",
    "annual_rf": 0.043
  },
  "metrics": {
    "total_return": 2.0500165362229734,
    "annual_return": 0.6372407630285521,
    "annual_vol": 0.18928109418068828,
    "sharpe": 3.1394617914734164,
    "max_drawdown": -0.048016329545436776,
    "mean_precision_positive": 0.6003898635477583,
    "mean_spearman_ic": 0.13820891504032767,
    "icir": 0.6408424638189275,
    "mean_n_assets": 9.0,
    "n_periods": 57
  }
}