{
  "params": {
    "pred_dir": "previsoes/financeiro_predlen_loss/retornos/AttentionSoloChannelIndependent/lookback_32/pred_len_10/_backtest_janelas_only",
    "price_path": "data/b3_daily_financeiro.csv",
    "model_output": "returns",
    "rebalance_k": 1,
    "max_assets": 9,
    "horizon": 1,
    "only_positive_pred": true,
    "returns_mode": "step",
    "annual_rf": 0.043
  },
  "metrics": {
    "total_return": 0.5055886519425992,
    "annual_return": 0.20217543574844932,
    "annual_vol": 0.1670330751967857,
    "sharpe": 0.9529575837654962,
    "max_drawdown": -0.1665489388706638,
    "mean_precision_positive": 0.5178571428571429,
    "mean_spearman_ic": 0.016284731226924157,
    "icir": 0.05564271703252027,
    "mean_n_assets": 4.001785714285714,
    "n_periods": 560
  }
}