{
  "params": {
    "pred_dir": "previsoes/predlen_loss_todos_ativos/retornos/AttentionSoloChannelIndependent/lookback_246/pred_len_15/_backtest_janelas_only",
    "price_path": "data/b3_daily_tfb.csv",
    "model_output": "returns",
    "rebalance_k": 1,
    "max_assets": 9,
    "horizon": 1,
    "only_positive_pred": true,
    "returns_mode": "step",
    "annual_rf": 0.043
  },
  "metrics": {
    "total_return": 0.08864244027341672,
    "annual_return": 0.03931669196726251,
    "annual_vol": 0.21446710178898473,
    "sharpe": -0.017174233260080676,
    "max_drawdown": -0.19129687245633242,
    "mean_precision_positive": 0.48168168168168163,
    "mean_spearman_ic": -0.016658311344936443,
    "icir": -0.12663995084778168,
    "mean_n_assets": 9.0,
    "n_periods": 555
  }
}