{
  "params": {
    "pred_dir": "previsoes/tfb_multi_lb_predlen_carteiras/retornos_simples/TimesNet/lookback_32/pred_len_10/_backtest_janelas_only",
    "price_path": "data/b3_daily_tfb.csv",
    "model_output": "returns",
    "rebalance_k": 5,
    "max_assets": 9,
    "horizon": 5,
    "only_positive_pred": true,
    "returns_mode": "step",
    "annual_rf": 0.043
  },
  "metrics": {
    "total_return": 0.7854597146953193,
    "annual_return": 0.2950453611375492,
    "annual_vol": 0.21117394680153745,
    "sharpe": 1.1935438294119822,
    "max_drawdown": -0.18888759098306973,
    "mean_precision_positive": 0.5132743362831859,
    "mean_spearman_ic": 0.00034138993699246587,
    "icir": 0.0019230462026273644,
    "mean_n_assets": 9.0,
    "n_periods": 113
  }
}