{
  "params": {
    "pred_dir": "previsoes/financeiro_predlen_loss/retornos/AttentionSoloChannelIndependentSharedSpecific/lookback_104/pred_len_5/_backtest_janelas_only",
    "price_path": "data/b3_daily_financeiro.csv",
    "model_output": "returns",
    "rebalance_k": 5,
    "max_assets": 9,
    "horizon": 5,
    "only_positive_pred": true,
    "returns_mode": "step",
    "annual_rf": 0.043
  },
  "metrics": {
    "total_return": 0.5623722087817884,
    "annual_return": 0.22020083859343842,
    "annual_vol": 0.19815237971161462,
    "sharpe": 0.8942655084502722,
    "max_drawdown": -0.14519942479708736,
    "mean_precision_positive": 0.5081542351453856,
    "mean_spearman_ic": -0.019321533923303845,
    "icir": -0.056194310770798776,
    "mean_n_assets": 5.566371681415929,
    "n_periods": 113
  }
}