{
  "params": {
    "pred_dir": "previsoes/financeiro_predlen_loss/retornos/TransformerShrINSpec/lookback_246/pred_len_10/_backtest_janelas_only",
    "price_path": "data/b3_daily_financeiro.csv",
    "model_output": "returns",
    "rebalance_k": 1,
    "max_assets": 9,
    "horizon": 1,
    "only_positive_pred": true,
    "returns_mode": "step",
    "annual_rf": 0.043
  },
  "metrics": {
    "total_return": 0.5474408656073959,
    "annual_return": 0.2171001831710586,
    "annual_vol": 0.20337544688637485,
    "sharpe": 0.8560531068842729,
    "max_drawdown": -0.17281306063460433,
    "mean_precision_positive": 0.5145833333333334,
    "mean_spearman_ic": -0.01422067956286074,
    "icir": -0.047630787138783486,
    "mean_n_assets": 3.7607142857142857,
    "n_periods": 560
  }
}