{
  "params": {
    "pred_dir": "previsoes/financeiro/retornos/TransformerSpecific/lookback_32/pred_len_20/_backtest_janelas_only",
    "price_path": "data/b3_daily_financeiro.csv",
    "model_output": "returns",
    "rebalance_k": 15,
    "max_assets": 9,
    "horizon": 15,
    "only_positive_pred": true,
    "returns_mode": "step",
    "annual_rf": 0.043
  },
  "metrics": {
    "total_return": 0.6365620704410493,
    "annual_return": 0.25065323427626285,
    "annual_vol": 0.20182002416616937,
    "sharpe": 1.0289030294897334,
    "max_drawdown": -0.12295280767117978,
    "mean_precision_positive": 0.581081081081081,
    "mean_spearman_ic": 0.09324324324324323,
    "icir": 0.2423356185979561,
    "mean_n_assets": 6.0,
    "n_periods": 37
  }
}