{
  "params": {
    "pred_dir": "previsoes/tfb_multi_lb_predlen_carteiras/retornos_simples/DUET/lookback_246/pred_len_15/_backtest_janelas_only",
    "price_path": "data/b3_daily_tfb.csv",
    "model_output": "returns",
    "rebalance_k": 1,
    "max_assets": 9,
    "horizon": 1,
    "only_positive_pred": true,
    "returns_mode": "step",
    "annual_rf": 0.043
  },
  "metrics": {
    "total_return": 1.7121360514862225,
    "annual_return": 0.5717843822676778,
    "annual_vol": 0.17526544734101077,
    "sharpe": 3.0170486555677556,
    "max_drawdown": -0.11224555984925666,
    "mean_precision_positive": 0.5202837729816147,
    "mean_spearman_ic": 0.05186939155164718,
    "icir": 0.2247797241485526,
    "mean_n_assets": 8.985611510791367,
    "n_periods": 556
  }
}