{
  "params": {
    "pred_dir": "previsoes/tfb_multi_lb_predlen_carteiras/retornos_simples/DUET/lookback_32/pred_len_24/_backtest_janelas_only",
    "price_path": "data/b3_daily_tfb.csv",
    "model_output": "returns",
    "rebalance_k": 15,
    "max_assets": 9,
    "horizon": 15,
    "only_positive_pred": true,
    "returns_mode": "step",
    "annual_rf": 0.043
  },
  "metrics": {
    "total_return": 0.263692105967694,
    "annual_return": 0.11211739016537359,
    "annual_vol": 0.20626024590508849,
    "sharpe": 0.33509797228292965,
    "max_drawdown": -0.18959962339199643,
    "mean_precision_positive": 0.4744744744744745,
    "mean_spearman_ic": 0.009051134424268753,
    "icir": 0.04843874835266486,
    "mean_n_assets": 9.0,
    "n_periods": 37
  }
}