{
  "params": {
    "pred_dir": "previsoes/predlen_loss_todos_ativos/retornos/TransformerSpecific/lookback_246/pred_len_24/_backtest_janelas_only",
    "price_path": "data/b3_daily_tfb.csv",
    "model_output": "returns",
    "rebalance_k": 5,
    "max_assets": 9,
    "horizon": 5,
    "only_positive_pred": true,
    "returns_mode": "step",
    "annual_rf": 0.043
  },
  "metrics": {
    "total_return": 0.5888216904422479,
    "annual_return": 0.23631455581515004,
    "annual_vol": 0.13676162040834158,
    "sharpe": 1.4135146632363176,
    "max_drawdown": -0.07998262926913868,
    "mean_precision_positive": 0.5292929292929293,
    "mean_spearman_ic": -0.00999263369141201,
    "icir": -0.060409879682611786,
    "mean_n_assets": 9.0,
    "n_periods": 110
  }
}