{
  "params": {
    "pred_dir": "previsoes/predlen_loss_todos_ativos/retornos/TransformerSpecific/lookback_32/pred_len_24/_backtest_janelas_only",
    "price_path": "data/b3_daily_tfb.csv",
    "model_output": "returns",
    "rebalance_k": 20,
    "max_assets": 9,
    "horizon": 20,
    "only_positive_pred": true,
    "returns_mode": "step",
    "annual_rf": 0.043
  },
  "metrics": {
    "total_return": 0.22450040051447284,
    "annual_return": 0.09542215212013416,
    "annual_vol": 0.16905818617096588,
    "sharpe": 0.31008348845716627,
    "max_drawdown": -0.13930567644168146,
    "mean_precision_positive": 0.5555555555555556,
    "mean_spearman_ic": -0.007863082384159453,
    "icir": -0.05313088134446706,
    "mean_n_assets": 9.0,
    "n_periods": 28
  }
}