{
  "params": {
    "pred_dir": "previsoes/financeiro_predlen_loss/retornos/AttentionSoloChannelIndependent/lookback_246/pred_len_15/_backtest_janelas_only",
    "price_path": "data/b3_daily_financeiro.csv",
    "model_output": "returns",
    "rebalance_k": 15,
    "max_assets": 9,
    "horizon": 15,
    "only_positive_pred": true,
    "returns_mode": "step",
    "annual_rf": 0.043
  },
  "metrics": {
    "total_return": 0.883022288230292,
    "annual_return": 0.33290511983121474,
    "annual_vol": 0.29452916028536047,
    "sharpe": 0.9843002287119359,
    "max_drawdown": -0.18545427422833527,
    "mean_precision_positive": 0.5554054054054054,
    "mean_spearman_ic": 0.0013513513513513562,
    "icir": 0.0032348609507607796,
    "mean_n_assets": 3.27027027027027,
    "n_periods": 37
  }
}