{
  "params": {
    "pred_dir": "previsoes/predlen_loss_todos_ativos/log_retornos/TransformerSpecific/lookback_32/pred_len_20/_backtest_janelas_only",
    "price_path": "data/b3_daily_tfb.csv",
    "model_output": "log_returns",
    "rebalance_k": 1,
    "max_assets": 9,
    "horizon": 1,
    "only_positive_pred": true,
    "returns_mode": "step",
    "annual_rf": 0.043
  },
  "metrics": {
    "total_return": -0.07880446257887652,
    "annual_return": -0.03691048551339249,
    "annual_vol": 0.15889239773973152,
    "sharpe": -0.5029220192415199,
    "max_drawdown": -0.14084831407493736,
    "mean_precision_positive": 0.48989898989898994,
    "mean_spearman_ic": 0.0003568648453604081,
    "icir": 0.002112646109658796,
    "mean_n_assets": 9.0,
    "n_periods": 550
  }
}