{
  "params": {
    "pred_dir": "previsoes/tfb_multi_lb_predlen_carteiras/log_retornos/FEDformer/lookback_32/pred_len_24/_backtest_janelas_only",
    "price_path": "data/b3_daily_tfb.csv",
    "model_output": "log_returns",
    "rebalance_k": 1,
    "max_assets": 9,
    "horizon": 1,
    "only_positive_pred": true,
    "returns_mode": "step",
    "annual_rf": 0.043
  },
  "metrics": {
    "total_return": 0.6950760811651506,
    "annual_return": 0.27522332384407444,
    "annual_vol": 0.20659027854279646,
    "sharpe": 1.1240767255946555,
    "max_drawdown": -0.15539937811828997,
    "mean_precision_positive": 0.49136705261019714,
    "mean_spearman_ic": 0.013703076801347223,
    "icir": 0.08493403305155882,
    "mean_n_assets": 9.0,
    "n_periods": 547
  }
}