{
  "params": {
    "pred_dir": "previsoes/predlen_loss_todos_ativos/retornos/TransformerSpecific/lookback_246/pred_len_1/_backtest_janelas_only",
    "price_path": "data/b3_daily_tfb.csv",
    "model_output": "returns",
    "rebalance_k": 1,
    "max_assets": 9,
    "horizon": 1,
    "only_positive_pred": true,
    "returns_mode": "step",
    "annual_rf": 0.043
  },
  "metrics": {
    "total_return": 0.1984764507879364,
    "annual_return": 0.08348676825222401,
    "annual_vol": 0.20450987380703675,
    "sharpe": 0.19796974834782255,
    "max_drawdown": -0.18835987028655854,
    "mean_precision_positive": 0.4797891036906854,
    "mean_spearman_ic": -0.008133608102488957,
    "icir": -0.04856834789724981,
    "mean_n_assets": 9.0,
    "n_periods": 569
  }
}