{
  "params": {
    "pred_dir": "previsoes/tfb_multi_lb_predlen_carteiras/retornos_simples/DUET/lookback_104/pred_len_5/_backtest_janelas_only",
    "price_path": "data/b3_daily_tfb.csv",
    "model_output": "returns",
    "rebalance_k": 5,
    "max_assets": 9,
    "horizon": 5,
    "only_positive_pred": true,
    "returns_mode": "step",
    "annual_rf": 0.043
  },
  "metrics": {
    "total_return": 3.6078008396133905,
    "annual_return": 0.964871062457852,
    "annual_vol": 0.20332109710531068,
    "sharpe": 4.5340649621832725,
    "max_drawdown": -0.07858961274337395,
    "mean_precision_positive": 0.5932017543859649,
    "mean_spearman_ic": 0.16470949908978996,
    "icir": 0.8270174870061472,
    "mean_n_assets": 8.991228070175438,
    "n_periods": 114
  }
}