{
  "params": {
    "pred_dir": "previsoes/financeiro/retornos/AttentionSoloChannelIndependentShrINSpec/lookback_246/pred_len_20/_backtest_janelas_only",
    "price_path": "data/b3_daily_financeiro.csv",
    "model_output": "returns",
    "rebalance_k": 5,
    "max_assets": 9,
    "horizon": 5,
    "only_positive_pred": true,
    "returns_mode": "step",
    "annual_rf": 0.043
  },
  "metrics": {
    "total_return": 0.49388747908396735,
    "annual_return": 0.2019026328578577,
    "annual_vol": 0.17994245875742054,
    "sharpe": 0.8830747004078314,
    "max_drawdown": -0.13524700430675307,
    "mean_precision_positive": 0.503365800865801,
    "mean_spearman_ic": -0.03454545454545454,
    "icir": -0.09963380990344188,
    "mean_n_assets": 5.409090909090909,
    "n_periods": 110
  }
}