{
  "params": {
    "pred_dir": "previsoes/predlen_loss_todos_ativos/log_retornos/TransformerShrINSpec/lookback_32/pred_len_20/_backtest_janelas_only",
    "price_path": "data/b3_daily_tfb.csv",
    "model_output": "log_returns",
    "rebalance_k": 1,
    "max_assets": 9,
    "horizon": 1,
    "only_positive_pred": true,
    "returns_mode": "step",
    "annual_rf": 0.043
  },
  "metrics": {
    "total_return": 0.0003450357896088718,
    "annual_return": 0.00015807435092329847,
    "annual_vol": 0.18360597931876022,
    "sharpe": -0.2333362225349883,
    "max_drawdown": -0.19472370845263376,
    "mean_precision_positive": 0.4870707070707071,
    "mean_spearman_ic": 0.008820800797337559,
    "icir": 0.05512205762952647,
    "mean_n_assets": 9.0,
    "n_periods": 550
  }
}